id,domain,status,purchase_price,renewal_price,attractiveness,demand,length,registrar,created_at,expires_at
001a18cc-ec1f-4161-bc6c-85b66606135e,steerclear.video,available,14.99,,80,2,11,name.com,,
001d4bdb-7d18-479c-8650-a4723cf43fea,thirdyear.video,available,14.99,,66,1,10,name.com,,
006694bf-d306-48e7-9c9a-2fc1f8437118,arrives.video,available,14.99,,50,3,7,name.com,,
007e0c4a-1ba4-48d7-a235-60f867c7adc8,advisors.video,available,14.99,,52,16,8,name.com,,
00a58a7d-0961-4418-a171-ebdb773352b9,provided.video,available,14.99,,48,3,8,name.com,,
00c46428-8b38-4632-a1e3-993bc29c8618,CountyofLanark.video,available,14.99,,42,1,16,name.com,,
00dafd47-e779-437c-a165-978e1e2c7536,pours.video,available,14.99,,46,5,5,name.com,,
00e17f2e-2adb-4af7-8e94-3657ae832d1c,keepwatch.video,available,14.99,,70,5,10,name.com,,
0112630e-26f9-4cc1-b1cd-29e94743465e,quartertone.video,available,14.99,,70,3,12,name.com,,
01650116-c7bf-4ec5-bfcd-ba262c9113c3,dogsbark.video,available,14.99,,76,1,9,name.com,,
0172d33e-eea1-4094-bdb6-4e0d05152aac,gomad.video,available,14.99,,70,5,6,name.com,,
018588aa-65bb-4fbf-9fa4-76abc40ef6ae,keepupwith.video,available,14.99,,76,2,12,name.com,,
018bbab8-db5d-47c3-840a-2c06f997f026,letsgo.video,available,14.99,,57,31,7,name.com,,
018f0e9a-e62a-403e-9da4-ce1408ddb50f,rained.video,available,14.99,,50,4,6,name.com,,
01a0875f-8018-4af5-b6fd-adae424f4dd9,results.video,premium,42,84,59,22,7,namecheap,,
01b42120-5bda-46e4-80e8-50bbec6ed153,sits.video,available,14.99,,54,10,4,name.com,,
01d51ee0-44b7-4aa9-a13a-8f4209fb6be4,werewolves.video,available,14.99,,44,7,10,name.com,,
01d6afe0-4fe3-46bc-b3e0-3de840b1b9e2,specks.video,available,14.99,,44,5,6,name.com,,
020409d0-27ef-47e3-bd77-388c8daa73e2,justthejob.video,available,14.99,,56,3,12,name.com,,
02047f14-d373-473c-a6f0-a7df9c4576d4,informs.video,available,14.99,,62,6,7,name.com,,
020927ce-343f-4603-a7f0-e229aa0a1957,WorldWarIV.video,available,49.48,,52,1,12,namecheap,,
020c84ec-6fe6-48b4-9c1e-baa851a7555d,notleast.video,available,14.99,,62,1,9,name.com,,
0245b7ea-1e32-425c-8d77-7b3f8107b287,generalformulas.video,available,14.99,,48,0,16,name.com,,
024eee3f-6d17-4074-805e-fe0501c8acec,starkest.video,available,14.99,,40,2,8,name.com,,
025f7556-2326-4173-b018-a464fbf34fd4,contemplating.video,available,14.99,,42,3,13,name.com,,
02825bc7-ce2e-4436-a9ba-cd4e9dba8127,invogue.video,available,14.99,,70,6,8,name.com,,
02b0ee30-e0c8-4844-9aa6-b5264f2c3ece,fruits.video,available,14.99,,74,17,6,name.com,,
02cfb9cb-5bb2-4102-b25e-491715454ba5,datafeed.video,available,14.99,,70,7,9,name.com,,
02dc22fb-9298-4cd1-ad17-e993ca7cc677,coulduse.video,available,14.99,,56,1,9,name.com,,
02ea8c05-a74e-44da-8f85-7783b56390a2,estimating.video,available,14.99,,50,7,10,name.com,,
02f1dda0-c59e-4a3e-b2f7-1a4be0ca0108,gooverboard.video,available,14.99,,64,1,12,name.com,,
0320447d-e80a-4ea1-8ca2-d5a4dd6a5286,coffeemaking.video,available,14.99,,72,2,13,name.com,,
03499332-2378-4aee-98e2-f8c4574817ba,IslesofScilly.video,available,49.48,,52,1,15,namecheap,,
037957fc-a319-43d6-9b92-d6353de51f49,fittoaT.video,available,49.48,,64,1,10,namecheap,,
03888483-86e8-4c6d-9775-0817b61f3a0a,selections.video,available,14.99,,53,6,10,name.com,,
03912a6f-21c1-4694-a6e1-4dee972383d8,hangbyathread.video,available,14.99,,56,1,16,name.com,,
039ac3b0-7e90-4a90-9290-103a5824d2ea,enlightenment.video,available,14.99,,62,18,13,name.com,,
03a32870-e312-4984-b6b0-ea5daadfd867,overcomes.video,available,14.99,,62,2,9,name.com,,
03b30880-34a1-4f18-9a3d-f9c196a8af15,goneover.video,available,14.99,,50,1,9,name.com,,
03d1b350-321d-417d-9761-f7e13fc16673,stints.video,available,14.99,,52,3,6,name.com,,
03dd87c7-386d-41da-bafd-6ace63c2f55e,tomorrows.video,available,14.99,,60,11,9,name.com,,
03eaa7f1-b467-4cfa-a11b-f9e5bbf173a6,carryforward.video,available,14.99,,66,3,13,name.com,,
03fd125e-24ad-4de2-97b9-de4a41030330,manyhappyreturns.video,available,14.99,,46,2,18,name.com,,
0411c27d-54fa-4312-ba40-3b1abe43bac7,stoppers.video,available,14.99,,52,3,8,name.com,,
042c8138-f387-4f2a-9b41-05f33a20eab0,aswespeak.video,available,14.99,,58,2,11,name.com,,
045252d1-44e0-49b3-b42a-2d8f5a0c1794,Automobiles.video,available,49.48,,62,17,11,namecheap,,
04564e9e-87e2-477c-a853-7e169b127fe1,translating.video,available,14.99,,54,7,11,name.com,,
049824d5-a149-430b-a96e-faaa34cd245f,pumping.video,available,14.99,,76,8,7,name.com,,
04b42fbb-f967-49a4-b53e-cc6f4ff0a408,comics.video,premium,140,280,68,24,6,namecheap,,
04bbcd9c-4116-49d2-850b-9dd6edd98878,carols.video,available,14.99,,56,7,6,name.com,,
04d51bfa-bfec-49c0-a9b8-aeafaa34362c,constants.video,available,14.99,,70,4,9,name.com,,
04d7baf9-c523-4983-a1e5-d94637cc2391,feelfor.video,available,14.99,,70,2,8,name.com,,
04f84299-259d-46fa-8958-b501ee108ba7,wished.video,available,14.99,,66,4,6,name.com,,
0521dc15-e205-4737-98c0-63ae49c0d185,MardiGras.video,premium,140,280,78,10,10,namecheap,,
05261780-9d0b-41cb-9690-73b76a2a5604,Ihateyou.video,available,49.48,,52,4,10,namecheap,,
0549fb52-5f5f-434e-9493-0bf835c2741e,GuptaEmpire.video,available,49.48,,64,1,12,namecheap,,
056ad722-4a9b-4602-a07b-8b9a7be64d1d,seton.video,available,14.99,,72,9,6,name.com,,
056d4f79-52e6-4854-a499-3e8776d485e8,reacted.video,available,14.99,,52,3,7,name.com,,
05809099-456c-40be-a4ad-c5b6956a19e7,cashiers.video,available,14.99,,50,7,8,name.com,,
05841f16-b8e0-45e8-8bf7-da572ccc052c,payoff.video,available,14.99,,70,8,7,name.com,,
0590bbdb-aeba-492e-a389-af84e340a6b4,getstuckinto.video,available,14.99,,64,0,14,name.com,,
0595f01b-aaca-4c6c-a137-1635cf8d0e76,cuddleup.video,available,14.99,,89,4,9,name.com,,
0598a0ff-039c-425a-b86d-c1fb6b8363fe,murmured.video,available,14.99,,56,2,8,name.com,,
05b05c7a-ef3a-4762-b14d-209e94c616a2,inorderfor.video,available,14.99,,60,0,12,name.com,,
061bdc60-db12-4333-8908-e97b4303ae50,Jews.video,available,49.48,,50,12,4,namecheap,,
06379a08-5a34-4631-a03c-9fbbd3c2508d,muttered.video,available,14.99,,56,1,8,name.com,,
064030f3-5bb1-48bd-a6c5-52a5c01a199d,letitalone.video,available,14.99,,80,1,12,name.com,,
064e8fb0-9b20-4a2f-9e2a-d81c767f1bf1,alcoves.video,available,14.99,,48,3,7,name.com,,
0655a18b-4b63-485b-8281-2d9dfcaf73e0,HoChiMinhCity.video,available,14.99,,64,7,16,name.com,,
06801f74-74da-4c77-a2d7-2e2d170d9e2e,stackup.video,available,14.99,,64,11,8,name.com,,
06841784-f0fb-427d-bbf8-a88a2d3308ff,thewholeshop.video,available,14.99,,42,1,14,name.com,,
06bd01ab-d0f7-4d2c-a5ea-d5e40e2532a4,mattresses.video,available,14.99,,56,8,10,name.com,,
06d8a5d6-11a6-47d6-9412-b436d972de61,retailbanking.video,available,14.99,,59,3,14,name.com,,
06e62d08-73fd-4ccf-85ce-5f5f779ca5be,notsomuch.video,available,14.99,,46,1,11,name.com,,
06e78f20-17b6-4555-80fe-7662119e6673,patientcare.video,available,14.99,,79,8,11,name.com,,
06ec6132-51ce-4481-af44-352858c6a46f,tornadoes.video,available,14.99,,50,2,9,name.com,,
07070b76-65a0-494b-8e41-4d6a4a1e7cb2,drums.video,resell,,,54,11,5,"GoDaddy.com, LLC",17/01/2020 01:40,17/01/2027 01:40
0740bb8a-5ac7-46d4-bff5-606423ae2010,arrows.video,available,14.99,,52,14,6,name.com,,
074edea0-3ebb-4594-b1c8-a5989646c932,StGeorges.video,available,49.48,,54,6,10,namecheap,,
0754f564-0a61-4f09-916d-acd6a95238de,clipboards.video,available,14.99,,56,4,10,name.com,,
076758af-723f-4828-bb78-fb5676176a12,inunison.video,available,14.99,,72,4,9,name.com,,
0773b7bb-7f5c-4f86-8477-5ce3dec3c8a6,mutualaid.video,available,14.99,,78,9,10,name.com,,
0779c4ba-4b81-4e4d-bfe2-cb48ee71c1c0,washes.video,available,14.99,,54,3,6,name.com,,
07a4f566-9530-40b0-be10-faba66ba72db,secondyear.video,available,14.99,,66,1,11,name.com,,
07bfea8f-93c7-4ba7-970e-f19e0f4f9d2e,believeitornot.video,available,14.99,,54,3,17,name.com,,
07f0dd69-0cdc-478b-b512-e21c2960dca7,lightupon.video,available,14.99,,72,2,10,name.com,,
07f0f162-5cb3-4589-95c6-6aed1c96b86f,eyeshadow.video,available,14.99,,74,3,10,name.com,,
07fa737e-de47-4e41-88f8-9b664e538ed0,eachtotheirown.video,available,14.99,,46,1,17,name.com,,
07ff92d1-e82d-4743-abcd-5a4edfbd1fc0,tourists.video,available,14.99,,58,7,8,name.com,,
082a80d4-2f8c-4132-9c10-ca50239840e3,Ineedtovomit.video,available,49.48,,50,1,15,namecheap,,
08381c45-de45-4ff9-a013-b5f0144ebfe3,tractors.video,available,14.99,,56,8,8,name.com,,
0843969b-9c2a-4d92-b027-64c3a4eff317,someoneelse.video,available,14.99,,54,3,12,name.com,,
084abf10-1529-47e3-a6b9-07319ffccd53,behaviours.video,available,14.99,,54,3,10,name.com,,
0866fbbc-f721-4edc-9563-edbfe490c1e3,softsell.video,available,14.99,,72,3,9,name.com,,
08863a9e-c00a-4572-9f17-9179f203eb3a,happiest.video,available,14.99,,64,10,8,name.com,,
089378de-f821-4bb0-a5a5-ad917f1734a9,justrewards.video,available,14.99,,56,3,12,name.com,,
08a241e2-d547-4bc7-aa76-7e3d535acd59,induecourse.video,available,14.99,,57,0,13,name.com,,
08bd33d7-a9aa-4a84-8fc0-926dc5edefd0,interpersonally.video,available,14.99,,60,1,15,name.com,,
08c4438d-60fb-495b-af3d-632306973489,techsupport.video,available,14.99,,76,18,12,name.com,,
08d42ee9-358b-44f5-9fb0-1d0062896cac,states.video,available,14.99,,70,16,6,name.com,,
090294d6-4a30-4aba-8568-8a9f2b06d3e7,puddings.video,available,14.99,,57,2,8,name.com,,
090da043-f110-45d6-8202-c57e19809ad7,plusses.video,available,14.99,,56,1,7,name.com,,
09173946-9f5a-457c-9e0d-2f1444c91f8f,estateduty.video,available,14.99,,50,1,11,name.com,,
09193c15-8b18-4295-a9bd-7aeac9a68082,establishments.video,available,14.99,,42,3,14,name.com,,
091bfb10-4c3e-4133-b7b7-0b0f2a721f3d,hillclimbing.video,available,14.99,,68,2,13,name.com,,
092053ba-a5cc-40d5-8d37-faf082f6997c,chairmen.video,available,14.99,,58,3,8,name.com,,
092ead3e-20e0-4d2f-a327-11032119ade9,takethelead.video,available,14.99,,78,4,13,name.com,,
0984bdf4-9b7c-429c-846a-6d543f6e68d4,ofchoice.video,available,14.99,,58,1,9,name.com,,
098bbc85-d025-4f3c-848f-d4fb43e27de7,ambulances.video,available,14.99,,58,5,10,name.com,,
0994cf2a-0865-4c2d-ad65-90ce9bcd63a1,threats.video,available,14.99,,44,8,7,name.com,,
09aa7bba-b612-42d3-8da9-025bfb869602,desktoptoy.video,available,14.99,,50,1,11,name.com,,
09efb11b-b960-4afd-9fbb-60c662c79549,pieces.video,available,14.99,,62,12,6,name.com,,
09f62f24-ee41-4c98-a7c1-73c0ad23febe,snowballs.video,available,14.99,,59,7,9,name.com,,
09f83165-e00c-4be9-957f-697beba71681,hookedup.video,available,14.99,,56,6,9,name.com,,
0a083803-cf11-46c9-94dc-1feb22f36ca7,privateeye.video,available,14.99,,53,4,11,name.com,,
0a0e2314-16b2-4afb-9686-fc5398ccadb4,inwaiting.video,available,14.99,,50,1,10,name.com,,
0a27c8a3-9062-4eab-8a95-c66f252b0dda,cliponnecktie.video,available,14.99,,48,1,15,name.com,,
0a3f6f03-a7d8-4a8e-8759-04cee233fa9a,getthedoor.video,available,14.99,,76,0,12,name.com,,
0aae2263-8fe4-42cf-9868-cbd44356be7d,ambled.video,available,14.99,,58,2,6,name.com,,
0ac90b34-d81b-4c58-8a8e-2f0185899ebc,highwater.video,available,14.99,,66,7,10,name.com,,
0ad86a53-615d-4185-a39b-fc8bf6d72589,liquors.video,available,14.99,,52,7,7,name.com,,
0b26136e-24a6-41b0-9c36-97d801997145,letwellalone.video,available,14.99,,47,1,14,name.com,,
0b37c556-9567-41bd-b222-1335a8de355c,relocations.video,available,14.99,,54,5,11,name.com,,
0b3cc771-8182-43e0-bc2e-9b7623c374ed,Christians.video,available,49.48,,62,15,10,namecheap,,
0b4d98ac-74d2-44a4-91b1-2bb9521cbde7,CountyofKings.video,available,49.48,,54,2,15,namecheap,,
0b60112d-1cd1-41bf-a97b-43d64bbe9671,getupandgo.video,available,14.99,,70,3,13,name.com,,
0b8a80b7-081d-4c70-bbc5-6a784a8747da,SwedishEmpire.video,available,49.48,,58,1,14,namecheap,,
0b968eb5-a44b-4ae7-bed6-08367fd00f91,HighRenaissance.video,available,14.99,,64,1,16,name.com,,
0ba7789f-c6e2-4dbe-a164-469e785ea32d,droppingin.video,available,14.99,,70,2,11,name.com,,
0bb72a4c-994f-41e8-b6a1-e7d2604faee5,backstretch.video,available,14.99,,74,3,12,name.com,,
0bc80191-29e9-48d9-a049-e29b6a0a6f29,machines.video,premium,69.3,138.6,56,22,8,namecheap,,
0bcdde6d-a87a-4d65-8b5a-3c7a21d171e6,uploadability.video,available,14.99,,60,1,13,name.com,,
0bd3b977-8155-4292-819d-fda00c449424,seekout.video,available,14.99,,77,4,8,name.com,,
0c0cd42c-b424-4753-a8a3-a64c6a8ca1ed,trades.video,available,14.99,,71,26,6,name.com,,
0c44fce2-4cc6-49ae-bf65-b626fa6961e8,makebelieve.video,available,14.99,,76,9,12,name.com,,
0c5b1ac1-bdde-4cea-9d22-d3bc761f8203,comeoff.video,available,14.99,,72,1,8,name.com,,
0c8c542c-8ac9-49da-9497-a2f55b6a1367,concertgoers.video,available,14.99,,59,1,12,name.com,,
0c8da444-bfc1-46ff-b544-7d2ac33bea0d,comeround.video,available,14.99,,76,1,10,name.com,,
0c90396f-bce8-41e3-8edd-da8a5ce8c0bf,Henri.video,available,49.48,,66,15,5,namecheap,,
0ccdd466-3d44-43d3-b0d8-efbf50115929,thinks.video,available,14.99,,64,10,6,name.com,,
0cd4a699-2486-44ed-bd5b-56f83e745116,tunas.video,available,14.99,,59,6,5,name.com,,
0ce86b3d-557f-4325-854c-ce8560cba705,finalized.video,available,14.99,,52,2,9,name.com,,
0d0c9b1b-e7d6-4219-83a2-63ec127d85d7,daydreams.video,available,14.99,,62,10,9,name.com,,
0d16e63f-f8d8-4f8d-8acc-38bff645518a,letsomeonego.video,available,14.99,,69,1,14,name.com,,
0d1a760e-cc1c-4fe0-ae01-5900bea799a4,OKs.video,premium,46.2,92.4,68,13,3,namecheap,,
0d1fe184-d8af-49aa-a925-217682034021,stuffyou.video,available,14.99,,44,1,9,name.com,,
0d20d565-bd93-4471-ae80-8ae98c85a5ac,bearings.video,available,14.99,,50,11,8,name.com,,
0d439454-00f4-41b1-bab5-2dd78916f276,trios.video,available,14.99,,50,9,5,name.com,,
0d6ac647-01fd-495a-a779-88fde53893c1,clinics.video,available,14.99,,56,12,7,name.com,,
0d83309f-9f6a-4219-b6e6-3a7d1d88d2c6,MerryXmas.video,resell,,,70,4,10,"eNom, LLC",11/12/2025 14:13,11/12/2026 14:13
0dc916f3-be29-4c11-9721-7cdc5d390529,dogsick.video,available,14.99,,90,1,7,name.com,,
0dce18e1-3383-4915-87cf-266501cbe4b4,specializing.video,available,14.99,,52,2,12,name.com,,
0ddd16e7-e2d9-46b3-8715-51dcb10ec9a5,SantaClara.video,available,49.48,,75,9,11,namecheap,,
0dfa5bb5-1a3d-4e52-8dca-8785c738f3ac,macandcheese.video,available,14.99,,72,4,14,name.com,,
0dff8f0d-d370-4a88-8aa4-91b287bbd1cd,keepout.video,available,14.99,,70,3,8,name.com,,
0e0d4316-50be-4dd1-9a11-5f52dff625b2,stretchout.video,available,14.99,,70,2,11,name.com,,
0e0e70eb-239d-426f-95ef-1ec19005d9f4,rashes.video,available,14.99,,40,3,6,name.com,,
0e175e18-1cc4-4ca3-8fcb-d0362578ce32,filesharing.video,available,14.99,,76,7,12,name.com,,
0e177c3a-7c8e-4e3d-ac46-233355460f3b,gowiththewind.video,available,14.99,,74,1,16,name.com,,
0e2ee026-b591-4d6c-9dd1-3dc3fff70429,manysortedlogic.video,available,14.99,,64,1,17,name.com,,
0e3a70da-3731-418c-b029-5fcb97c86676,conductcode.video,available,14.99,,50,1,12,name.com,,
0e3b8129-6310-4e63-980b-481951948675,lactosefree.video,available,14.99,,74,3,12,name.com,,
0ea69c78-4b2a-48d3-bd24-b6443e62828c,cuttherug.video,available,14.99,,76,1,11,name.com,,
0ebbe6da-81f4-4391-8c57-5eab510fe17c,communities.video,available,14.99,,68,19,11,name.com,,
0ed5dafb-cb48-4631-9bb6-415ef5e10a81,steroids.video,available,14.99,,50,10,8,name.com,,
0f0bb59e-a136-4a16-8527-e359cb538229,biases.video,available,14.99,,42,3,6,name.com,,
0f0bde84-99b4-45b9-9344-f6c8869fd3a4,Amazons.video,available,14.99,,60,12,7,name.com,,
0f10efdd-cce8-444e-84c6-1365d0cee893,finalfrontier.video,available,14.99,,76,7,14,name.com,,
0f3611f3-52bd-4aff-a5f8-c0d1d273981c,socialjustice.video,available,14.99,,68,6,14,name.com,,
0f4ead1d-156c-4315-b5c2-f4d50f951407,gofast.video,available,14.99,,74,15,7,name.com,,
0f76ea8a-1caf-41fd-add6-c089455a053f,packingtape.video,available,14.99,,70,2,12,name.com,,
0fad0ca5-f7e6-4c66-994c-516bf1759e4d,lies.video,available,14.99,,60,12,4,name.com,,
0fe87471-bbd1-46cd-b67b-a9bef169069f,neckrest.video,available,14.99,,56,1,9,name.com,,
0ff09c16-4225-4154-be63-cc9fba831039,seemed.video,available,14.99,,58,4,6,name.com,,
102b7694-a599-4414-8873-4a17aabe40c2,Ilostmybag.video,available,49.48,,50,1,13,namecheap,,
10553595-e9e6-45d5-8573-ef0f6cb06a30,reflects.video,available,14.99,,50,6,8,name.com,,
1057a2b2-3c38-470e-9b49-9298646675f3,goonvacation.video,available,14.99,,48,1,14,name.com,,
1069aed8-c59d-4686-9012-add74cfd7c33,justgone.video,available,14.99,,61,2,9,name.com,,
106a6006-f36d-48cf-bf1f-78c7cbfeb2c4,forces.video,available,14.99,,82,12,6,name.com,,
10768d8e-8252-4f23-9a00-246389cedb4e,Lordonlyknows.video,available,49.48,,58,1,15,namecheap,,
10bd5283-bd22-4f96-9da7-9e5a520df336,parkingfine.video,available,14.99,,46,2,12,name.com,,
10f8274b-f772-4891-9026-9bd3ca2d5e1a,couldof.video,available,14.99,,49,1,8,name.com,,
110328d2-a887-477b-9918-5b3fe0279453,insofaras.video,available,14.99,,56,0,12,name.com,,
11132827-7707-4b31-a99d-5af0d90ba15e,pencils.video,available,14.99,,50,5,7,name.com,,
1147d65c-cb24-416d-ba10-70159759f77c,clipstrips.video,available,14.99,,56,3,11,name.com,,
1149cda1-3617-44ac-85a8-75ba7027fe73,Phillip.video,available,49.48,,70,14,7,namecheap,,
11655a4b-1707-4580-b878-bc76cf592edf,synthesized.video,available,14.99,,57,3,11,name.com,,
117b7415-c2bb-407c-81f3-c42c6a20a0d9,teenyweeny.video,available,14.99,,78,2,11,name.com,,
11860c04-bfa7-4629-86d2-532de0dc2b68,fellowmelad.video,available,14.99,,62,1,13,name.com,,
118aeb57-eedd-4288-b862-3ce5719849c7,steponit.video,available,14.99,,75,2,10,name.com,,
119f8d10-2713-4f56-b019-6305dd7cd73d,code.video,resell,,,72,61,4,Dynadot Inc,15/08/2025 17:40,15/08/2026 17:40
11fbdaed-50e0-4aa7-97c0-98d40ad8e494,aloevera.video,available,14.99,,80,10,9,name.com,,
121a1b0b-5e9e-415a-9cc4-5ff2852069bd,smashup.video,available,14.99,,58,5,8,name.com,,
124c3796-904c-4438-a3e5-c874da48a056,generates.video,available,14.99,,54,2,9,name.com,,
124d5dd8-b4e7-4077-818c-bcdaf9bfe990,leavewellalone.video,available,14.99,,68,1,16,name.com,,
12591a22-b9ce-485e-bfe8-f3fd9aca464e,splits.video,available,14.99,,70,9,6,name.com,,
1276e8c3-6ba9-4ab9-929e-ff956ad1425d,getthememo.video,available,14.99,,74,1,12,name.com,,
128a6ef4-d7c1-4a3b-b740-ab4f5564148f,CountyofSpencer.video,available,14.99,,42,1,17,name.com,,
12ae1b55-0c6e-4dfb-9fee-aa164e480a5f,defaulted.video,available,14.99,,42,2,9,name.com,,
12b01e86-fb0e-4208-8d3c-773a46cf263e,inprivate.video,available,14.99,,70,3,10,name.com,,
134136de-9be1-4eb2-9b89-71d4abc00775,littlepeople.video,available,14.99,,70,4,13,name.com,,
13605cc4-e286-4463-a2f3-a407ec19e25a,managers.video,available,14.99,,56,10,8,name.com,,
1398c442-345c-4237-8fad-19085626d2a4,platearmour.video,available,14.99,,65,1,12,name.com,,
13a100a9-2c3a-4e81-a6cf-48160ad35fe7,getittogether.video,available,14.99,,75,3,15,name.com,,
13ad48f0-4c4e-4dd4-bded-82da8a187c54,mentions.video,available,14.99,,54,9,8,name.com,,
13d1c593-f902-4d1e-aa2e-58955ec2a993,hobbies.video,premium,69.3,138.6,60,11,7,namecheap,,
13fbd842-a702-4c7a-ac9d-a006426ad3f2,honeymoons.video,available,14.99,,64,6,10,name.com,,
13fde8ff-50f9-4e5f-a8a2-a453933b7ce6,keepdown.video,available,14.99,,68,1,9,name.com,,
1419359e-3cc8-4586-879f-1a0ef5e05c8c,shortages.video,available,14.99,,48,3,9,name.com,,
14306fb4-6f02-40c9-9426-17b76c0d9e48,havingamoment.video,available,14.99,,40,2,15,name.com,,
1473486a-ef11-4077-b3dc-2235bf393439,toured.video,available,14.99,,52,3,6,name.com,,
14bd5a1f-9f58-42b4-8786-c35bfb0b267a,saws.video,available,14.99,,50,8,4,name.com,,
14d6de6b-7945-47a5-80b1-554574c74fe9,vegetables.video,available,14.99,,64,8,10,name.com,,
14f45fd6-ea3e-48b8-8a4b-ff1cca28c256,turnedon.video,available,14.99,,52,3,9,name.com,,
15094328-6d51-443c-a1eb-78828fa386eb,dropsoff.video,available,14.99,,52,1,9,name.com,,
150c0036-c722-424c-bcc6-94b43d26c76d,sported.video,available,14.99,,59,2,7,name.com,,
155f44de-5bea-4520-af53-49caaa7c964e,politicians.video,available,14.99,,44,7,11,name.com,,
15733367-0ac5-4b12-bf91-38b0cf5ec1a1,characterised.video,available,14.99,,48,1,13,name.com,,
157b6655-9727-4ad4-86fe-acf482fdddee,grayer.video,available,14.99,,60,3,6,name.com,,
15816163-4537-4335-a2a9-f25e2cdfacdd,macaroniandcheese.video,available,14.99,,72,2,19,name.com,,
15cccd4b-3539-4dda-a5a3-9d63e41fa97b,grandefinale.video,available,14.99,,70,2,13,name.com,,
15eecbbd-78ab-476e-baa0-742916be7523,magazines.video,premium,140,280,60,11,9,namecheap,,
1663fa83-8c0a-44a3-b9cb-22fa39f8cdfa,wandered.video,available,14.99,,56,4,8,name.com,,
16776ce8-310a-49f4-8cc4-da9304c26954,FabFour.video,available,14.99,,82,3,8,name.com,,
1681354b-26da-48f8-9ee3-636d29ff6c89,alcoholbyvolume.video,available,14.99,,58,1,17,name.com,,
16850ab0-a152-452b-85c9-febaeb2eafe9,goaroundthehouses.video,available,14.99,,60,0,20,name.com,,
1693be94-8f03-4acb-b811-ec68afd78272,splints.video,available,14.99,,63,1,7,name.com,,
16a4203f-fd72-49b9-a150-80c772eab4ed,ribbons.video,available,14.99,,56,9,7,name.com,,
16b11288-e3ab-4fb5-a1a7-ad0678a1361e,arriveat.video,available,14.99,,70,1,9,name.com,,
16cae211-f506-4fbc-88c3-301284837a99,GodSavetheQueen.video,available,14.99,,76,3,18,name.com,,
16d47d9f-2386-4467-86f7-61d666caa513,howlout.video,available,14.99,,70,1,8,name.com,,
16f35a70-b92c-4486-be83-2d068e49cec3,tillers.video,available,14.99,,51,3,7,name.com,,
1706481c-0c5a-4318-9c2a-655e14cb9cc3,keyserver.video,available,14.99,,70,4,10,name.com,,
17102317-2254-43a6-b210-4c98fc14e484,shoppers.video,available,14.99,,64,10,8,name.com,,
175a82a6-03db-4ef8-af59-9a24f208f065,finals.video,available,14.99,,80,7,6,name.com,,
17858ccd-d050-449c-9591-2cd2f9c28979,rubbed.video,available,14.99,,62,2,6,name.com,,
1789762d-37d5-4fad-8ef6-05a523987ed0,onestepahead.video,available,14.99,,58,4,14,name.com,,
1797d8c3-a258-4d00-80a8-d67306715ba4,disobeying.video,available,14.99,,46,1,10,name.com,,
17b148a4-ef95-439d-b739-25af5e3939cf,paperingover.video,available,14.99,,53,1,13,name.com,,
17dc207a-d85d-459a-bda2-43b2bf0f4042,reaches.video,available,14.99,,70,5,7,name.com,,
17dc484f-89fd-4fea-859a-739753ea7fbb,upperlip.video,available,14.99,,52,1,9,name.com,,
17dedccd-8c9d-4da8-833d-5e6eabae6fbc,rumcake.video,available,14.99,,81,3,8,name.com,,
17e1ccce-c219-458b-8c06-8bff6f5079e9,costofbusiness.video,available,14.99,,44,1,16,name.com,,
18022b3c-31a6-4ffa-b61a-82bb517cc718,finalsweek.video,available,14.99,,52,1,11,name.com,,
18044f2f-f150-4e17-b76c-820acea11695,commonweal.video,available,14.99,,68,5,11,name.com,,
18a162f0-fcae-4e7a-9172-2e399c9c8650,keeptogether.video,available,14.99,,68,1,13,name.com,,
18a400cc-cdf9-4e20-a2c3-13cad823514b,gingerbreadcookie.video,available,14.99,,52,1,18,name.com,,
18cc89d0-5f89-40e4-b916-3d6b29244bdb,bosses.video,available,14.99,,54,8,6,name.com,,
18ee6ff9-2e65-44c3-a0f4-ea032d371df1,bedsheet.video,available,14.99,,78,3,9,name.com,,
18fe6f7b-1354-432f-9492-d45daee1c0b7,spellitout.video,available,14.99,,74,2,12,name.com,,
19033944-f392-461f-ae5b-c23d6309bbd7,failed.video,available,14.99,,60,11,6,name.com,,
1936e758-63ec-4655-99d5-2275e1a028b5,Lordhavemercy.video,available,49.48,,54,2,15,namecheap,,
1946f3f0-fde5-46ea-a8e6-9e185ec2e8bd,gobythewayside.video,available,14.99,,62,1,17,name.com,,
19494c45-3b51-40e7-9594-4a15c363ecbd,instyle.video,available,14.99,,78,12,8,name.com,,
194bf91e-a063-47d2-9798-8f6a0bce542b,Ideclare.video,available,49.48,,58,3,9,namecheap,,
195e44f1-37ff-4536-ab1a-be452580582f,commonknowledge.video,available,14.99,,72,5,16,name.com,,
197c1620-59d1-48ed-9b17-ecbae4e2054f,shops.video,premium,280,560,64,24,5,namecheap,,
19c887a8-6186-4d3f-b376-d73e84b51f79,distresscall.video,available,14.99,,32,1,13,name.com,,
19c8a224-551e-4695-9431-172d0c0ef324,getitoverwith.video,available,14.99,,50,1,16,name.com,,
19fd1051-5377-45d2-b31a-cab3343e76e3,comethrough.video,available,14.99,,78,1,12,name.com,,
1a093ee5-fb24-4437-a0bd-8f75bcb6744c,scoopin.video,available,14.99,,68,1,8,name.com,,
1a12d621-9b6e-483e-b4f4-6ebe9b665b1d,newsfeature.video,available,14.99,,50,1,12,name.com,,
1a15388e-0de6-4a55-b221-33be0f96556b,recommending.video,available,14.99,,58,3,12,name.com,,
1a311bba-bf4e-4d7c-a7c7-ac247a4677bb,pizzatopping.video,available,14.99,,48,1,13,name.com,,
1a316990-9882-435d-a4ca-93705d7fa487,AcademyAwards.video,available,49.48,,68,3,14,namecheap,,
1a3d220c-7251-4904-b29e-45f321a2cfab,divinejustice.video,available,14.99,,49,2,14,name.com,,
1a4b19d4-d56a-454b-9844-388e3fa5dac3,structurally.video,available,14.99,,48,3,12,name.com,,
1a875869-bf93-4953-bea5-a883ec57bc5f,blewup.video,available,14.99,,44,1,7,name.com,,
1ab18056-ca52-4573-8fe3-ca5683ef8c33,nosmoking.video,available,14.99,,54,5,10,name.com,,
1ae5ec61-45be-4ba9-b4e7-f3313838ea39,rocks.video,premium,69.3,138.6,78,18,5,namecheap,,
1aef1acb-4983-4a19-8c16-d375eea57784,biosensors.video,available,14.99,,62,3,10,name.com,,
1b145476-b369-4a94-8b82-28651252f843,offcampus.video,available,14.99,,67,7,10,name.com,,
1b17ebc8-9045-4e30-974b-1ac0b24afe98,decides.video,available,14.99,,56,3,7,name.com,,
1b2c2e83-5834-471d-8ca8-7fa78efadfaf,getwise.video,available,14.99,,77,6,8,name.com,,
1b4b3c16-2913-4e5b-ac19-89b08682c142,demonstrating.video,available,14.99,,48,1,13,name.com,,
1b5646c7-7f5e-4750-9ad3-18e53a014451,faces.video,available,14.99,,60,21,5,name.com,,
1b5b5e1e-afb0-463f-a54d-f9e283f6e5f5,actions.video,available,14.99,,54,15,7,name.com,,
1b6d41f1-20a7-4963-854b-c4ffaa73d35b,parkup.video,available,14.99,,59,4,7,name.com,,
1bb43458-955e-46ae-9d46-7023f016c0d5,vocalists.video,available,14.99,,57,2,9,name.com,,
1bc061c4-a983-40fe-b425-d3741e8e2de3,getthegreenlight.video,available,14.99,,52,1,19,name.com,,
1c0d8481-65d0-4be2-97cd-af8e0329872e,plumbers.video,available,14.99,,50,14,8,name.com,,
1c26983f-d45e-4022-81de-a6f6ed3a6753,getlate.video,available,14.99,,72,1,8,name.com,,
1c2b60ec-0ca3-4c6d-aef0-4d85b0893166,chickenliver.video,available,14.99,,64,1,13,name.com,,
1c3a62c0-de82-4cc1-a3fb-89914c160343,estimated.video,available,14.99,,50,5,9,name.com,,
1c4af152-3324-4357-a420-42142d8c29e2,Iamadoctor.video,available,49.48,,50,1,13,namecheap,,
1c583ff7-6c0a-4322-9398-24b4f2501064,pizzajoint.video,available,14.99,,56,2,11,name.com,,
1c5fe935-f5cb-4e6f-85a5-7998771f2fbe,shalt.video,available,14.99,,56,1,5,name.com,,
1c62006f-7f8e-40f0-96d9-917e6007ad69,masterfile.video,available,14.99,,50,3,11,name.com,,
1c639654-5eec-4552-bbd7-67a16ae304fc,havenosympathy.video,available,14.99,,54,1,16,name.com,,
1c72ea89-ed17-4074-8d02-1636627f6a37,railways.video,available,14.99,,51,6,8,name.com,,
1c85f0cb-ca37-460a-b421-b05598dab341,packets.video,available,14.99,,60,8,7,name.com,,
1c887994-7703-4d8b-971a-dfe29aeeca9d,accountsreceivable.video,available,14.99,,62,5,19,name.com,,
1c8f016f-ee43-4568-b8e2-436a255a3e9c,gearup.video,available,14.99,,80,16,7,name.com,,
1c973bff-8f6f-4d0a-8c48-a5f944d60a70,slipped.video,available,14.99,,70,3,7,name.com,,
1c979a66-9464-49f3-a194-583218e83d33,cables.video,premium,69.3,138.6,54,11,6,namecheap,,
1cb012e0-938d-4b2f-834b-97d2a81fa730,receives.video,available,14.99,,52,3,8,name.com,,
1cb32f02-0d68-451a-8179-e7389f305f33,determines.video,available,14.99,,58,1,10,name.com,,
1cc6ce7c-5f77-4ffc-ae45-0796f4cd72f0,tastes.video,available,14.99,,52,6,6,name.com,,
1cce4319-9d1c-4e2f-ba36-46c2e3bf3667,techniques.video,available,14.99,,50,5,10,name.com,,
1cd8fa4c-2fa2-4037-8ad2-d5f1f357120b,thumbs.video,available,14.99,,56,7,6,name.com,,
1d2ef9a2-9b8b-4115-a3f0-eb3b8244be17,samples.video,premium,140,280,60,12,7,namecheap,,
1d324c5b-f335-48a5-b9fb-285b184cbafa,goingdown.video,available,14.99,,50,2,10,name.com,,
1d372091-fb73-405f-9f3b-d5814e06b6bf,reckoned.video,available,14.99,,50,1,8,name.com,,
1d3d4d02-0cfc-4417-b516-e08ff97956bd,carryover.video,available,14.99,,70,2,10,name.com,,
1d6a698c-6377-4064-96c5-76aa86131cb9,toes.video,available,14.99,,58,8,4,name.com,,
1d7bf720-0538-4e54-bf6e-99e82d0595cb,runto.video,available,14.99,,67,8,6,name.com,,
1d88ec9c-e112-49dc-9522-85916293f3a0,proxyfight.video,available,14.99,,44,1,11,name.com,,
1d8b4088-95b1-4113-8d01-9a5552b42c26,germs.video,available,14.99,,40,5,5,name.com,,
1da114b7-6da8-4837-beaf-cbd98b3ab2d9,CountyofWilkinson.video,available,14.99,,42,1,19,name.com,,
1da30abc-b094-4f0a-b7f9-85c808fd95df,manyeyed.video,available,14.99,,68,1,9,name.com,,
1db690b0-d9b0-4e13-aaf5-d17733063a48,cometoanend.video,available,14.99,,62,1,14,name.com,,
1dd89290-8d0c-4ca6-8af5-38f7dbca0afc,pestcontrol.video,available,14.99,,74,18,12,name.com,,
1df0109d-ed28-4173-a199-16a1998e55e3,costsaving.video,available,14.99,,68,2,11,name.com,,
1df6219f-4004-4001-9936-49e822b52f2c,commonmeter.video,available,14.99,,68,1,12,name.com,,
1dfdeca6-206f-461f-aefc-e64ec84dee0e,standardizing.video,available,14.99,,43,1,13,name.com,,
1e0715d5-fd31-4656-8f22-987a16a9cad5,letusgo.video,available,14.99,,57,4,9,name.com,,
1e22fe59-0709-4c0e-b487-991e19f2406c,gooutonalimb.video,available,14.99,,60,1,16,name.com,,
1e5cf354-f065-4e51-9bb1-ffd29aadb751,bands.video,premium,69.3,138.6,52,13,5,namecheap,,
1e76080b-1ee6-4d5a-bb27-64f01a216152,trussmember.video,available,14.99,,50,1,12,name.com,,
1e7f5bd8-f748-4104-8f9e-463c182e8603,godeep.video,available,14.99,,74,7,7,name.com,,
1ed056e6-8663-4e40-a592-1969f3247e80,traps.video,available,14.99,,68,7,5,name.com,,
1efeadca-9a46-408d-847e-7aed0c1c859d,gowiththeturf.video,available,14.99,,66,0,16,name.com,,
1f0b49d2-2766-459d-b1b2-e0223e7d6335,crowns.video,available,14.99,,62,11,6,name.com,,
1f0c2dff-a637-4e13-9f12-489bb79523e6,MickeyMouse.video,available,49.48,,86,11,12,namecheap,,
1f3a00f1-1291-4521-8013-f4c7b82d5106,coffeecakes.video,available,14.99,,62,2,11,name.com,,
1f47ead1-237f-448b-b872-0720990f33d8,nodded.video,available,14.99,,56,2,6,name.com,,
1f4b0ef0-b174-40db-b9bc-94da9996f71d,decideupon.video,available,14.99,,76,0,11,name.com,,
1f7b6e2c-66e4-4e5e-874f-af706abdd4ae,compilation.video,premium,69.3,138.6,68,7,11,namecheap,,
1f8688ed-a8b2-4be4-ac08-ee391e45cfb6,letslip.video,available,14.99,,76,1,8,name.com,,
1f97ff2e-fce6-469f-ac11-dab2b8badf06,astheycome.video,available,14.99,,56,1,12,name.com,,
1f9ce638-2f83-4b4f-9d6c-567f8e248e6a,randoms.video,available,14.99,,48,8,7,name.com,,
1f9dc2e0-9577-458c-befa-f80531694e5d,pads.video,available,14.99,,68,10,4,name.com,,
1faf80b5-bc14-4743-bfdd-d2a7cd7ca966,worded.video,available,14.99,,53,4,6,name.com,,
1fb94401-c479-4a88-8649-4653c75c227e,GeneralTsochicken.video,available,49.48,,70,1,19,namecheap,,
1febe61b-625d-4cde-a442-c9739a0e0dfd,transmitted.video,available,14.99,,64,1,11,name.com,,
1ffe9816-b9a8-4693-8a9c-93a2214b2e03,goesthewholehog.video,available,14.99,,46,0,18,name.com,,
2048d2c7-c36d-47fd-b1e1-a6367e53ed9a,gettheballrolling.video,available,14.99,,72,1,20,name.com,,
20571240-ee31-48e6-b59b-7582fae4f5b0,organisations.video,available,14.99,,52,3,13,name.com,,
2066c505-cb33-41b2-a9a6-37ffab8fea8b,proxymurder.video,available,14.99,,36,1,12,name.com,,
207db5b4-233e-426f-81d0-568429f60d09,CapeCod.video,available,49.48,,78,22,8,namecheap,,
2085b828-a5ad-4746-8f29-8460109cdde8,slipthrough.video,available,14.99,,66,1,12,name.com,,
20b6d73e-4767-4823-bdd0-30e1ba2b15e0,Ispy.video,available,49.48,,76,14,5,namecheap,,
21126bec-a843-4e6f-afdc-9e1c0355b9e5,wrists.video,available,14.99,,49,3,6,name.com,,
2112dce2-88ca-481f-b293-02ca9aedfef1,chickenstrips.video,available,14.99,,74,2,14,name.com,,
214eee2b-c6d3-4c8a-92eb-2d45b5846369,coffeeand.video,available,14.99,,76,4,10,name.com,,
214f0a3d-3899-487a-9126-b58c1cb23f68,dusts.video,available,14.99,,52,3,5,name.com,,
21561c73-3d15-4435-bfb8-dd9ec102acc5,peed.video,available,14.99,,54,4,4,name.com,,
21615c48-b46d-41cd-828a-7a37b50d2da2,childclass.video,available,14.99,,50,1,11,name.com,,
2169f61d-7a77-4b87-ab29-5da6d94e1752,goforbroke.video,available,14.99,,72,2,12,name.com,,
217eb537-b006-40e2-8feb-2e27625d5f5b,costprice.video,available,14.99,,70,4,10,name.com,,
21851a14-33da-4103-a4f4-d8c4d545e200,alcoholusedisorder.video,available,14.99,,48,1,20,name.com,,
218b09c3-f94b-4405-9818-29e728e0e637,workmanship.video,available,14.99,,74,3,11,name.com,,
21ae6d8b-d471-47ac-af91-718e19412429,getroundto.video,available,14.99,,74,1,12,name.com,,
21afd06d-eef8-4a40-a38d-49bac04c222c,decoders.video,available,14.99,,50,5,8,name.com,,
21b01bd0-a15f-485d-bafb-5a88201b2cb2,lordsandladies.video,available,14.99,,68,2,16,name.com,,
21c23af2-7ed6-4d04-9f11-9a57cc1ae220,commonpurposes.video,available,14.99,,48,2,15,name.com,,
21c58c7a-4367-48be-b80c-c9377b9d0920,pairoftongs.video,available,14.99,,65,0,13,name.com,,
2208b83b-b234-4f6c-a624-aeed2f137e27,Amazonlilies.video,available,14.99,,50,1,13,name.com,,
22603f4c-2e63-4c54-8d90-8f07409fb06c,movemountains.video,available,14.99,,72,4,14,name.com,,
228f1f7e-edef-4767-bb46-487d377caf6b,aunts.video,available,14.99,,54,2,5,name.com,,
2290a22a-ffb7-469d-9f06-3b395746eb61,windowshop.video,available,14.99,,83,5,11,name.com,,
2292648a-a294-4229-9ab0-852fe8050fa7,toys.video,premium,69.3,138.6,60,24,4,namecheap,,
229f459c-5cda-4d04-89c5-8bb9a8e74a8a,recycled.video,available,14.99,,79,10,8,name.com,,
22b4a2aa-bfa1-4400-ad18-f41ea8b83b08,keepin.video,available,14.99,,72,6,7,name.com,,
22bf54a5-0753-4a3a-8ada-6dbde3d6b8ec,breastfeedings.video,available,14.99,,48,1,14,name.com,,
22d8b2cf-38f1-4e8b-88b1-3b640b0c75fb,stepin.video,available,14.99,,74,8,7,name.com,,
230cda61-8f30-4954-ac97-a1e535bea991,bolts.video,available,14.99,,50,11,5,name.com,,
23313248-a25a-4882-8d4f-e16473a2af9b,glances.video,available,14.99,,52,5,7,name.com,,
234a4995-eeeb-427b-af3f-ed60ae7bf101,turnsup.video,available,14.99,,56,1,8,name.com,,
236e9861-b7f8-46af-8940-27de004d40b7,finaltest.video,available,14.99,,58,2,10,name.com,,
2372ecc9-086d-43dc-8d6c-1f57db942a35,makesout.video,available,14.99,,56,1,9,name.com,,
2395a858-58e6-47c5-9ccc-f2adf4c85040,fails.video,premium,69.3,138.6,46,7,5,namecheap,,
23acde1b-a13c-4b00-9c70-e324da36211a,Ihaveaquestion.video,available,49.48,,50,2,17,namecheap,,
23d6aac0-cb70-4a32-9d39-5566deaaf2b6,deaths.video,available,14.99,,50,6,6,name.com,,
243054b2-fa59-4f38-b8a4-a49d73df9cde,uptill.video,available,14.99,,50,1,7,name.com,,
243e42de-356b-432a-b85f-84f2b344c482,superheroes.video,available,14.99,,66,12,11,name.com,,
24452dbf-fbbd-4f05-9ff4-b6c845fe7ee7,macaronicheese.video,available,14.99,,72,1,15,name.com,,
2449dffd-189c-4fe0-a163-cd0c6cd337fa,launched.video,available,14.99,,65,13,8,name.com,,
24563436-71d4-48c1-93f9-e599b76815d5,generalformulae.video,available,14.99,,44,0,16,name.com,,
246a810e-cff3-4554-9116-7b4b3da58df0,hills.video,available,14.99,,65,20,5,name.com,,
24d56703-a15c-40ac-a864-f6d634e6128e,ofan.video,available,14.99,,44,4,5,name.com,,
24e7319b-e77b-4cda-9c1e-e6893e374e5e,carrymeout.video,available,14.99,,46,1,12,name.com,,
24ed5e50-2fc5-4a96-9dd7-25525f520279,justso.video,available,14.99,,62,7,7,name.com,,
253f241a-a67b-40af-be65-b6177e7ec43f,haircuts.video,available,14.99,,60,6,8,name.com,,
2548fb60-4187-4a76-b0da-901591579b3e,belike.video,available,14.99,,74,7,7,name.com,,
2564d091-f365-4e50-b2d5-22256c48b466,variations.video,available,14.99,,46,5,10,name.com,,
256fa048-cdee-416a-8ed1-4410bbf3eb85,snowed.video,available,14.99,,52,3,6,name.com,,
25a078e0-a170-4f37-85c8-d93b23dfe2bd,shoparound.video,available,14.99,,80,3,11,name.com,,
25d147de-828e-40dc-b480-02b65ba3a8b1,inthemoment.video,available,14.99,,48,7,13,name.com,,
25e3399c-e6c5-4b75-beeb-a59b6f69b2a1,sucks.video,premium,140,280,48,11,5,namecheap,,
25f2e047-fa5e-4b38-967b-a2a9c66635dd,sides.video,available,14.99,,54,12,5,name.com,,
2603b5a8-196b-46e4-9de3-8fda3a70b8f0,skirting.video,available,14.99,,64,3,8,name.com,,
26089511-cf21-47ba-b50b-c3d1f5b66021,yards.video,available,14.99,,66,9,5,name.com,,
260b31f1-f3ba-45fe-b892-608cdfec7676,shareholders.video,available,14.99,,50,5,12,name.com,,
2610070c-ae0c-435c-ac9e-4420f198e282,pros.video,premium,1750,3500,53,23,4,namecheap,,
261eebfb-b765-4911-a541-3930979f4e5d,swaps.video,available,14.99,,50,10,5,name.com,,
2662a5b6-ac06-4b66-8941-ce21fe82ef69,BRAS.video,premium,69.3,138.6,70,13,4,namecheap,,
267d2be1-87c7-4bfd-8ea1-479580aaf0a6,axes.video,available,14.99,,36,10,4,name.com,,
2719cdc0-612c-45ef-a544-b23698d28f86,JapanStandardTime.video,available,14.99,,56,1,19,name.com,,
27293241-716d-4029-abbe-a27d51620859,midlife.video,available,14.99,,74,11,8,name.com,,
274d37bd-18ea-497d-b81d-f14f81cd981d,fiftyfifty.video,available,14.99,,68,12,11,name.com,,
2761c6c6-1537-49e8-aa62-fa85d5ab7034,knees.video,available,14.99,,50,5,5,name.com,,
276acfb2-a8d8-47e2-980a-9e3b90abe16f,Iswear.video,available,49.48,,58,2,7,namecheap,,
276bb47a-4e53-47a8-b305-f385e93c253d,rakeover.video,available,14.99,,66,1,9,name.com,,
276eac1f-8f70-44bc-875f-15d1c67f5671,asthewindblows.video,available,14.99,,40,1,17,name.com,,
277936cd-075f-4514-9c6b-9a6cc18b09ec,gotobed.video,available,14.99,,72,3,9,name.com,,
27829701-4982-4d2d-bc54-9427edd6c972,commonheather.video,available,14.99,,64,1,14,name.com,,
279935f4-5457-40a7-84fd-18669158edf1,keepfrom.video,available,14.99,,52,1,9,name.com,,
279d9263-dfef-4b4d-bb73-c4928fcfc376,eachtime.video,available,14.99,,56,2,9,name.com,,
27d623f2-eb1e-49ee-81b6-537d7a9aba7a,consents.video,available,14.99,,60,4,8,name.com,,
27edbc47-ca5a-4a2f-a22a-53b6b20a6247,beaches.video,available,14.99,,72,14,7,name.com,,
27fd03b3-470d-49a3-ad7f-2383ef56139f,squealed.video,available,14.99,,40,1,8,name.com,,
2815f660-4f0c-4d79-bd04-71261fdce566,flipping.video,available,14.99,,70,12,8,name.com,,
2818535b-db0f-4413-ae30-081387a4db2d,accounts.video,premium,140,280,54,19,8,namecheap,,
281ae6fc-d6ea-4d3f-acaa-73e765f86d2e,fellowships.video,available,14.99,,52,4,11,name.com,,
283bbf62-ae8c-4ab9-81d1-d790a7d24a3c,fights.video,premium,140,280,55,9,6,namecheap,,
2840b781-088c-4187-a156-7adab90a0ae9,introspection.video,available,14.99,,66,8,13,name.com,,
284f3b08-f480-487c-ad5f-2cd47c7fe531,drycleaning.video,available,14.99,,74,9,11,name.com,,
286c286a-a7ec-4492-958f-64d22842385c,happens.video,available,14.99,,52,8,7,name.com,,
286d1fc9-df31-45a7-aa33-0ca7bd84fae5,cabins.video,available,14.99,,58,9,6,name.com,,
2872424c-b972-48c6-9917-77ff98cc73c4,solarenergy.video,available,14.99,,88,16,12,name.com,,
28727b7b-1c52-48b2-9b3f-19c0d4115362,changeout.video,available,14.99,,50,1,10,name.com,,
2888d065-5ef0-4240-a19c-ce2cc3c83b2d,probablecause.video,available,14.99,,55,2,14,name.com,,
288fa333-6f0c-4c4f-9e91-d2916765608c,gowithout.video,available,14.99,,75,1,10,name.com,,
28a030c6-b44f-4092-b726-59eb909f7c7d,explanations.video,available,14.99,,50,2,12,name.com,,
28a2f959-49c7-49c4-bdca-82283eb037cd,manycolored.video,available,14.99,,54,0,12,name.com,,
28aae313-7085-41e1-802f-f01296607599,wafers.video,available,14.99,,54,4,6,name.com,,
28c150ce-50d3-4d9a-8829-a55e27e0a15d,disinfection.video,available,14.99,,74,5,12,name.com,,
28c3c0d1-886d-4a70-865e-3abe89c687ec,musts.video,available,14.99,,57,2,5,name.com,,
28cce113-bb8d-48d1-b349-8c80054745bb,overrated.video,available,14.99,,60,6,10,name.com,,
28e972d6-b5c0-4570-93eb-ad3cdc24ccc7,deepdiving.video,available,14.99,,76,2,11,name.com,,
28f34607-0459-45ad-8d37-3dacbec74323,pillowcases.video,available,14.99,,54,2,12,name.com,,
28f7be0d-e2f5-43b5-84ba-5f3d6991a784,inspiration.video,resell,,,88,30,11,"Spaceship, Inc.",25/01/2026 02:11,25/01/2027 02:11
291ecf96-3108-4bb1-be6e-77356bf303f5,dothemath.video,available,14.99,,72,4,11,name.com,,
2926be03-3205-4ad7-9537-d5593c57c5af,likeashot.video,available,14.99,,56,1,11,name.com,,
29490439-38e8-4bba-b6aa-0744d53edb28,Scotchtape.video,available,49.48,,80,2,11,namecheap,,
294c4be1-3331-46f1-bb3e-336feea23cad,hosts.video,available,14.99,,52,18,5,name.com,,
29514ab9-37ba-4c00-b87c-cab15b5bf538,changesides.video,available,14.99,,70,0,12,name.com,,
295af890-07ad-48c9-88db-7797be97dfda,textures.video,available,14.99,,50,9,8,name.com,,
29658cca-a75f-4c3b-98b2-a3faf32b7447,webmasters.video,available,14.99,,52,12,10,name.com,,
297a329c-bd0e-475d-9189-6bcbb5379d8d,tenths.video,available,14.99,,50,4,6,name.com,,
29b98074-538a-4319-8529-7cae2665f0ae,takeanap.video,available,14.99,,73,2,10,name.com,,
29ba1424-a1e4-4d7c-9cd8-9302174b60d4,majorityparliament.video,available,14.99,,50,1,19,name.com,,
29fe8c0f-8293-4436-bf25-f0b4f9837e64,keeppace.video,available,14.99,,74,3,9,name.com,,
2a2ead53-2fbc-4bbc-96a6-24a9c0e25914,sitaround.video,available,14.99,,66,1,10,name.com,,
2a686fcc-19c7-4808-9e79-14e4cb2e3455,penalties.video,available,14.99,,68,3,9,name.com,,
2a6fe525-5ac6-4100-8567-6dd7f7062bca,dues.video,available,14.99,,70,6,4,name.com,,
2a71a871-c297-416b-9aae-4bdade2ce0fd,useto.video,available,14.99,,72,2,6,name.com,,
2aa0c989-2695-46d3-a471-d1b4e22deadf,calculations.video,available,14.99,,52,4,12,name.com,,
2ab9f630-5f1e-4e04-b5c2-805d45365f1f,deadlifts.video,available,14.99,,62,1,9,name.com,,
2ae2c1f0-a806-4b5b-b989-8bbb999da29e,cometobe.video,available,14.99,,72,0,10,name.com,,
2ae5cd08-e0f0-43a3-a71b-4403ac91f8c8,intheprocess.video,available,14.99,,52,1,14,name.com,,
2b05733f-a6d3-4670-9dad-f031d6236db8,intuitions.video,available,14.99,,56,4,10,name.com,,
2b18d4e7-0ca9-482b-91ec-50860779dc38,dogsit.video,available,14.99,,96,2,6,name.com,,
2b23f114-263c-4248-9f54-a6cb63ed2624,prowlers.video,available,14.99,,40,2,8,name.com,,
2b3b1613-bbf4-4058-8db4-c341f1a43954,streamed.video,premium,69.3,138.6,73,9,8,namecheap,,
2b58cf62-1218-4aa7-b6c9-b58e902f78bc,bedamned.video,available,14.99,,38,1,9,name.com,,
2b84326f-dd90-47ae-a9e0-2a7d425b6259,officehours.video,available,14.99,,75,10,12,name.com,,
2b8abee1-cdc4-412d-8774-0c5cde71e463,males.video,premium,69.3,138.6,58,9,5,namecheap,,
2babf97f-96d4-4e33-ad90-9af9e9ff5aa2,Ipop.video,available,49.48,,76,9,5,namecheap,,
2bc767ef-bce1-4120-a869-fdf973848f80,screens.video,premium,42,84,54,13,7,namecheap,,
2bd7b848-b218-4b20-8cef-a9f723e7d394,chickenroll.video,available,14.99,,76,2,12,name.com,,
2bf8b4c8-8468-490f-9427-9b813b4be972,summarizing.video,available,14.99,,46,2,11,name.com,,
2c21602e-34ca-4ac2-a96f-19b209c705da,wannabet.video,available,14.99,,62,6,9,name.com,,
2c3eb673-df27-47d9-83f7-0235b350a4e2,coffeehousing.video,available,14.99,,72,1,13,name.com,,
2c5407c0-1967-4910-8e60-b0f9f54f4a92,supervillains.video,available,14.99,,46,2,13,name.com,,
2ca2e5a5-83d2-48a4-acdb-53934e27b566,collarbones.video,available,14.99,,48,1,11,name.com,,
2cab9fe7-1d19-4767-998a-2e6cb8d2a49d,troublefree.video,available,14.99,,66,6,12,name.com,,
2cad6b6f-3b8a-4b23-b237-55c1889a746e,prizes.video,available,14.99,,60,11,6,name.com,,
2cc9c1ac-f738-4849-b2f7-75013b4df0c0,devoured.video,available,14.99,,40,3,8,name.com,,
2d0f8702-636b-4428-ab3b-78aadfab4b05,snuck.video,available,14.99,,46,3,5,name.com,,
2d11dba3-612d-4986-9311-c6b7228a0a5f,ambitiousness.video,available,14.99,,74,1,13,name.com,,
2d1a009a-d35f-4212-8ca3-2d25fa04f656,surroundings.video,available,14.99,,75,4,12,name.com,,
2d2af101-5aab-42d6-8ad2-bcdf28a3ce74,sedans.video,available,14.99,,51,3,6,name.com,,
2d9b244f-1cba-4ce7-9315-26952f2d99b2,turnovers.video,available,14.99,,50,2,9,name.com,,
2d9f753b-02cf-4580-8139-a96d7d82bcee,screenshots.video,available,14.99,,49,9,11,name.com,,
2ddcb8d3-5335-4de6-b102-0eb469043dac,lunchware.video,available,14.99,,78,1,9,name.com,,
2dea19a8-adc4-4803-b8fa-f7a93b72ed92,TheMall.video,available,49.48,,68,10,8,namecheap,,
2df3874f-1243-4b02-94ba-648226fc8fd3,enterthescene.video,available,14.99,,62,1,15,name.com,,
2dfe380f-b262-49a8-a54d-4b64513f2aba,givelife.video,available,14.99,,58,5,9,name.com,,
2e1d9ef0-1385-417f-8e17-303e523e63b1,spillover.video,available,14.99,,68,4,10,name.com,,
2e23729f-62d1-485b-be0e-6079f538d6f1,tablespoonful.video,available,14.99,,58,1,13,name.com,,
2e8228e4-5653-4378-a9cc-e62571a8bf1f,Frenchthyme.video,available,49.48,,74,1,12,namecheap,,
2e87ee0d-90c5-468f-9d2b-1c6e75ad85a3,LordofChristmas.video,available,49.48,,54,1,17,namecheap,,
2e8ac35c-0adf-47d7-a645-f11a55e5804a,datadomain.video,available,14.99,,52,4,11,name.com,,
2e975540-52ea-4bfd-88aa-1659aa6b0b38,elects.video,available,14.99,,56,4,6,name.com,,
2ea0e2d1-4436-431f-91c0-0ab643aa8cfa,scenes.video,premium,42,84,54,8,6,namecheap,,
2ed5e1fa-c905-4e4b-a839-815fdee699ed,tokens.video,resell,,,51,36,6,"Spaceship, Inc.",19/03/2026 06:04,19/03/2027 06:04
2edd7a68-7b44-4f80-8af2-f4e61d041b75,compilers.video,available,14.99,,56,4,9,name.com,,
2ee28a1c-0200-4ef9-bcdd-d624e1dfefb0,texted.video,available,14.99,,59,4,6,name.com,,
2ee4ffa6-5fb8-4715-9881-cea002f5ca40,owns.video,available,14.99,,56,8,4,name.com,,
2ef1b7b7-39a0-4bd0-a90e-62b1567a1389,goingto.video,available,14.99,,56,6,8,name.com,,
2f16e708-98a5-4c8e-aa33-41ab26e7666d,precursors.video,available,14.99,,50,2,10,name.com,,
2f19358b-d468-460e-bf28-302fee5100b7,objectives.video,available,14.99,,54,5,10,name.com,,
2f1974ec-e0a0-4756-9d61-d3576403e5af,turnedoff.video,available,14.99,,42,1,10,name.com,,
2f248ac5-8b3e-4d6b-9580-9f4e77327059,givethegreenlight.video,available,14.99,,54,1,20,name.com,,
2f2fc31a-7202-46e4-9b58-8d552d34b607,negotiations.video,available,14.99,,56,6,12,name.com,,
2f32cef9-40fe-4bf4-8985-9af1469f0a26,filetypes.video,available,14.99,,46,3,9,name.com,,
2f387318-f557-4d27-aec6-4d0d9f7b9be3,scallops.video,available,14.99,,52,3,8,name.com,,
2f52695b-07fd-47d3-be09-bbc7c4c09896,servants.video,available,14.99,,54,4,8,name.com,,
2f536b32-fd88-4147-9f65-4d89e0f07e4d,resteasy.video,available,14.99,,79,4,9,name.com,,
2f6c36c1-dca4-4513-91f9-93771b303314,LunarNewYear.video,available,49.48,,72,3,14,namecheap,,
2f7fc6d2-7f75-4b7e-9afa-699d6081c13f,teaspoons.video,available,14.99,,56,3,9,name.com,,
2f870870-eac7-42a3-a2e5-40f060656abd,goonrecord.video,available,14.99,,70,1,12,name.com,,
2f98e5de-6133-4368-a3dc-7b772444804d,partwith.video,available,14.99,,68,1,9,name.com,,
2fa35df4-75fe-4f31-a2cd-c9fe2672b796,makefriendswith.video,available,14.99,,58,1,17,name.com,,
2faff9ed-2d64-4429-9485-f5e17d87681f,usernames.video,available,14.99,,52,6,9,name.com,,
2fe165c1-1501-4dbe-a5c6-b2d86152c02a,blewit.video,available,14.99,,44,2,7,name.com,,
2fe29dfa-0174-4cc6-9d54-66abf27f8058,believein.video,available,14.99,,68,6,10,name.com,,
3002477d-958a-45d4-ae7f-a3822dc193fa,bebothered.video,available,14.99,,63,1,11,name.com,,
3006b91a-ab44-4a61-bdbf-5d7844e15ffc,sites.video,premium,69.3,138.6,53,26,5,namecheap,,
30255041-496b-425a-8e86-3b0c1666d98c,agreements.video,available,14.99,,54,6,10,name.com,,
302bed7a-213a-42ac-b5f0-68990acbaf0d,couldnotcareless.video,available,14.99,,38,0,19,name.com,,
3040555e-886b-4025-b2de-ed159544b80e,workouts.video,premium,140,280,59,8,8,namecheap,,
3043ada2-ac1d-477e-820a-f916b7a9a3b6,massagetherapy.video,available,14.99,,76,8,15,name.com,,
3055ea7a-0510-4562-a3a7-027828243a4c,maketheheadlines.video,available,14.99,,72,0,18,name.com,,
3076aceb-6943-43b1-97bc-96213a411b0a,coffeeandcake.video,available,14.99,,72,2,15,name.com,,
3083ad94-f08e-4d24-a34f-25add216e8c2,busfare.video,available,14.99,,70,1,8,name.com,,
3095794c-3ff0-40a8-9be7-1465d901f533,LoneRanger.video,available,49.48,,70,4,11,namecheap,,
30ae54a9-b0b0-4d25-984a-1677e40932a5,tracks.video,available,14.99,,60,18,6,name.com,,
30ca20bc-509d-4c17-bb3f-d912bc6bb656,attentions.video,available,14.99,,54,4,10,name.com,,
30d6296d-1cab-41b4-a732-046375edb5b3,letup.video,available,14.99,,74,3,6,name.com,,
31033334-f2b4-49a5-a88b-02647d71bf05,scissored.video,available,14.99,,64,1,9,name.com,,
3130014d-aefd-4c48-bdf7-c140f5631a46,punched.video,available,14.99,,50,3,7,name.com,,
3144fc42-50e1-414d-8325-9ed99dda77b1,accountstated.video,available,14.99,,40,2,14,name.com,,
3146ad53-769e-415a-828b-44db1613973c,subsequently.video,available,14.99,,58,1,12,name.com,,
314eda66-fd9e-4ea0-87c8-0ad3b4d773d3,comeonover.video,available,14.99,,78,2,12,name.com,,
317f1621-a8cd-4815-8aed-e1123d27fc5f,longterm.video,available,14.99,,72,10,9,name.com,,
31821b6b-e92b-4549-98ca-a21ab51662f5,worldsapart.video,available,14.99,,64,3,12,name.com,,
319e99b7-2f63-4e5b-b4ae-d8dbb305c2b2,getsick.video,available,14.99,,72,1,8,name.com,,
31a163e9-e331-46b3-9335-9f16d3c8a12d,screwdrivers.video,available,14.99,,52,4,12,name.com,,
31ac88d1-aa9a-4182-88e5-18f387eb3a08,backtaxes.video,available,14.99,,62,3,10,name.com,,
31ad68e6-ab95-40c1-a603-0efc1444ead1,publichousing.video,available,14.99,,64,3,14,name.com,,
31bb52d5-3dde-497e-a068-887f934233dd,parkertruss.video,available,14.99,,48,1,12,name.com,,
31f35a3f-f31e-44e4-8e4f-e4fc9916b558,demonstrates.video,available,14.99,,56,2,12,name.com,,
31ff10fb-6ec3-426d-858d-b48a3f254887,nicelooking.video,available,14.99,,72,2,12,name.com,,
321ac31a-5114-4e96-9001-806e9fa37602,Ilostmykeys.video,available,49.48,,50,1,14,namecheap,,
321bf0f7-9064-4041-8ddb-f66fb93445e7,laptops.video,premium,69.3,138.6,56,8,7,namecheap,,
3220c5dc-3b6c-4f86-a1bd-42af32d75437,reunions.video,available,14.99,,58,5,8,name.com,,
3235de93-a572-44f6-ab28-cd64efb71692,ingredients.video,available,14.99,,56,14,11,name.com,,
323e40f5-7e68-404b-af91-32a755b4f20c,wars.video,premium,69.3,138.6,48,10,4,namecheap,,
3273cd70-9932-4adf-a237-5189f4f902ff,jetairliner.video,available,14.99,,58,1,12,name.com,,
328ed375-3b1f-4255-b6f4-5c210e6c5825,smashit.video,available,14.99,,72,8,8,name.com,,
32a29fd7-7ce6-45dc-acc0-8d43989a9725,cutthrough.video,available,14.99,,74,6,11,name.com,,
32b3303e-992c-4da7-94ef-ed5b55000277,getthemeaning.video,available,14.99,,69,0,15,name.com,,
32e9af30-4f62-4c7d-9393-3851fa3a159c,vowels.video,available,14.99,,52,5,6,name.com,,
32f9cd70-0b68-464a-abe5-e791245c2f6a,clearthetable.video,available,14.99,,64,1,15,name.com,,
3306f4d8-08ef-4d35-a63d-8a30f4eaf79d,sweeps.video,available,14.99,,51,12,6,name.com,,
3325c786-3284-4cd3-bbe8-44b59a54143d,breastfeed.video,available,14.99,,76,3,11,name.com,,
332e1ec0-842c-43a1-904b-9785e18f3b76,manyhappies.video,available,14.99,,72,1,12,name.com,,
33328947-605f-42cf-8907-7a50ad31fd15,showedup.video,available,14.99,,59,1,9,name.com,,
3339a9c8-575c-493d-9d4d-e2f4525873c0,fillup.video,available,14.99,,72,7,7,name.com,,
333a15d4-8813-4cfc-8902-f7a8e3ee90f8,DakotaCounty.video,available,49.48,,52,2,13,namecheap,,
333d66da-3163-4955-9d0c-bb6d62af89a2,startin.video,available,14.99,,71,6,8,name.com,,
33483c8e-c9e8-4fc3-97d2-47dacb6ba82b,divineintervention.video,available,14.99,,68,6,19,name.com,,
3360f1a1-9694-40f2-b800-cd40f2e79390,counterfeits.video,available,14.99,,40,2,12,name.com,,
3371131c-9177-4693-98c9-75b65790304c,returns.video,available,14.99,,72,16,7,name.com,,
337b2588-90e7-4c10-80fc-5f1e2e484727,cometolife.video,available,14.99,,80,3,12,name.com,,
33806e18-5684-46c0-a097-6e735bd269aa,counted.video,available,14.99,,58,5,7,name.com,,
33856f1c-9b63-420d-bb17-ee7d65a188be,assoonaspossible.video,available,14.99,,50,1,19,name.com,,
338a34fd-ee36-4fc7-bc60-861957073b02,hookups.video,premium,140,280,74,9,8,namecheap,,
339e6d89-5827-4ebe-b32d-1e793560bcc6,bloodpressuregage.video,available,14.99,,48,1,19,name.com,,
33c29c00-9309-4467-b916-5d3b2c9bd365,inducts.video,available,14.99,,50,1,7,name.com,,
33c317ea-2bcb-4b11-8899-bec5e26d35e1,Ilostmybackpack.video,available,49.48,,50,1,18,namecheap,,
340edd8d-b72b-48d5-b415-16003d5084dd,Ichooseviolence.video,available,49.48,,44,1,17,namecheap,,
341670b0-a2cb-4510-b4b5-8ededf3e7422,votes.video,available,14.99,,60,11,5,name.com,,
3427ef88-54df-4e76-9e17-e1aaa2707070,electricalpolarity.video,available,14.99,,59,0,19,name.com,,
343586e2-3bc6-43ea-b1bc-a06fc5594464,commonsalt.video,available,14.99,,72,1,11,name.com,,
34586b1b-ca3f-41bc-9565-d70840b15371,Ihaveasthma.video,available,49.48,,50,1,13,namecheap,,
34753c89-b272-4c44-9198-d3a98580a00c,goit.video,available,14.99,,76,7,5,name.com,,
348e3292-fd2a-477c-b8ae-9b710b5519cf,publicsector.video,available,14.99,,62,7,13,name.com,,
34976423-89a6-416d-9d8b-129aceaacd8a,clearthrough.video,available,14.99,,44,0,13,name.com,,
349815a1-461e-48db-bc12-1d5e11acba9a,intrinsicvalue.video,available,14.99,,66,4,15,name.com,,
34a044ea-13b9-4176-988d-116cdacc0137,spellout.video,available,14.99,,76,2,9,name.com,,
34c1c2f4-1067-4249-b654-b1d822238f9d,intandem.video,available,14.99,,72,7,9,name.com,,
34e15ee9-c45e-4e21-9b0f-5f80a2bd439c,demonstrated.video,available,14.99,,68,3,12,name.com,,
34e28ae3-d342-4e6e-985e-6eed6cf4bcfd,leavethenest.video,available,14.99,,70,1,14,name.com,,
34e5527f-8ad5-49c7-8641-17abd2c1fc06,dowell.video,available,14.99,,76,12,7,name.com,,
351b801c-c94e-4542-aec7-bb95fa530555,dataflows.video,available,14.99,,52,5,10,name.com,,
3528f163-836d-4622-8445-85dbb5708b3b,havenot.video,available,14.99,,66,4,8,name.com,,
356072d9-bd0d-494f-a521-c4abaa10d0cf,manysidedness.video,available,14.99,,64,1,14,name.com,,
357eb0b7-90a3-4e2a-9268-cb5fa47f54a6,equalization.video,available,14.99,,74,1,12,name.com,,
3593593c-f10a-4bfb-8c20-300ed17b5861,equals.video,available,14.99,,62,10,6,name.com,,
35947cd6-9a8e-4712-a556-92788132df59,counterattack.video,available,14.99,,64,3,14,name.com,,
3597db6f-cbb5-4f7d-8dba-fd760b1adee9,sorethroat.video,available,14.99,,64,2,11,name.com,,
35a7c4f3-4b75-4436-832e-cce6cc0ad77d,pinked.video,available,14.99,,53,5,6,name.com,,
35b33143-f095-46c2-981a-41272bc05e0f,generalsofthearmy.video,available,14.99,,48,1,20,name.com,,
35b501ee-8588-4b45-b6c9-300d9311b45a,highsociety.video,available,14.99,,73,8,12,name.com,,
35c82f1f-96e5-46cf-9d99-796d75a37bb5,noticable.video,available,14.99,,52,1,9,name.com,,
35d6ca10-366c-4160-bba5-27476368e02f,getonto.video,available,14.99,,74,3,9,name.com,,
35d9864d-9da3-4064-9264-3ed63843033c,nojoke.video,available,14.99,,48,4,7,name.com,,
3603cf8b-2261-4935-9d1a-245eb62e91e5,beans.video,available,14.99,,74,20,5,name.com,,
3616d52f-5b29-4200-818c-2f9f152f3c31,actresses.video,available,14.99,,56,5,9,name.com,,
3635e4b9-4fa0-441f-97e8-caaa9975960d,makeof.video,available,14.99,,76,1,7,name.com,,
363b9110-cd65-470a-86fd-5e236442a137,gocrazy.video,available,14.99,,72,5,8,name.com,,
363d493d-0696-4087-ab19-52849ca568e4,networks.video,premium,69.3,138.6,60,20,8,namecheap,,
363d53c3-5df0-4e9a-b84b-e1d16635bef9,weddingcake.video,available,14.99,,85,5,12,name.com,,
364a4a06-43a4-4240-8049-6b9c60d232f6,soups.video,available,14.99,,56,6,5,name.com,,
365265d4-ee63-4d47-b8fa-b0d9f2b5b252,barkeeper.video,available,14.99,,70,4,10,name.com,,
366d92f6-1186-4093-8252-9bbd04b274f2,empowering.video,available,14.99,,82,15,10,name.com,,
36835702-7d75-46dd-8879-bd28be2df861,comeinuseful.video,available,14.99,,68,0,14,name.com,,
36b19832-583f-480e-817f-41d5f8db8b61,does.video,available,14.99,,60,15,4,name.com,,
36ce9a53-c40d-4263-9812-3237067c91ad,IChing.video,available,49.48,,68,14,7,namecheap,,
37037d61-0962-4187-9290-aca32e429a57,lunchmoney.video,available,14.99,,78,7,11,name.com,,
376dd0e5-b686-4cce-8ce0-40fd0603efec,risks.video,available,14.99,,43,10,5,name.com,,
37800a03-4fb0-4b98-b943-19f1e37a2c60,brands.video,premium,1750,3500,62,28,6,namecheap,,
378fffec-35fe-417c-bba6-258674960635,picks.video,available,14.99,,52,19,5,name.com,,
37a6e68c-d6ea-44dc-9bae-739efc52e0e9,orders.video,available,14.99,,60,19,6,name.com,,
37d4c955-4c8e-465c-b23f-9d2d973df9a3,slideshow.video,premium,700,1400,72,8,10,namecheap,,
37e0bf58-3102-4d81-b328-cdc7f8179932,icons.video,available,14.99,,68,19,5,name.com,,
3802b755-8ad2-427d-bd97-dba2c80c042b,reassures.video,available,14.99,,56,1,9,name.com,,
38372b29-722b-448b-a92a-388a1f22c955,tospare.video,available,14.99,,54,0,8,name.com,,
3846296a-76ba-446f-a4e4-12673255cb5f,gods.video,available,14.99,,72,27,4,name.com,,
386fa6f1-6488-4340-bd17-c23bc2ac706d,differences.video,available,14.99,,52,4,11,name.com,,
3895aca7-924d-4783-9e93-d82db51f8aec,suits.video,available,14.99,,61,13,5,name.com,,
38b1910c-3f71-4822-9662-9a489f4d94fc,paradoxes.video,available,14.99,,70,3,9,name.com,,
38dcf17a-286f-42e5-8626-07386994e1d6,backsomersault.video,available,14.99,,50,1,15,name.com,,
38ea1b22-724f-4bb9-a9f8-c27fcdbf41cf,comeintoeffect.video,available,14.99,,70,0,16,name.com,,
38ecfc62-f92a-405b-8321-3a5e872c83f8,hanginthere.video,available,14.99,,54,3,13,name.com,,
39043a38-10b6-4c6f-ba95-8ce2da022bde,teachers.video,premium,69.3,138.6,56,22,8,namecheap,,
390883b9-3a93-41e4-a80f-163132c1e3aa,draws.video,available,14.99,,65,6,5,name.com,,
39480cb5-44fb-4813-95f8-8aaf7f7cc3bd,approaches.video,available,14.99,,70,3,10,name.com,,
39a217f1-6699-4d0a-b2ce-0a121bdf1523,orderarms.video,available,14.99,,70,1,10,name.com,,
39a5173c-ec48-47f5-a445-1e18bae38bfe,makeone.video,available,14.99,,76,4,8,name.com,,
39a6371d-d733-44f5-836f-7c7bb50a8502,socioeconomic.video,available,14.99,,54,1,13,name.com,,
39c34840-6dce-40db-bc7c-f311c467da67,throats.video,available,14.99,,44,2,7,name.com,,
3a59e3d6-3aee-4f29-8a79-c35a09dd3033,Catholics.video,available,14.99,,58,8,9,name.com,,
3a75d9d8-82ac-45a8-b4c5-6c7c67460405,Ihaveafever.video,available,49.48,,50,1,14,namecheap,,
3aa22e5b-450a-4bf3-94e2-aaa72eeec6a1,stirup.video,available,14.99,,82,3,7,name.com,,
3aa2cf66-e2c9-4402-b26a-f9a18732e2a8,remembered.video,available,14.99,,65,8,10,name.com,,
3ab7dd70-071b-420c-8f66-57fb786bf8d8,keepthepace.video,available,14.99,,66,1,13,name.com,,
3ade9355-3b0e-4896-a33d-aae0b52e6424,facilities.video,premium,42,84,77,10,10,namecheap,,
3ae481db-dce2-4a42-b818-f46db96fd22e,breads.video,available,14.99,,58,5,6,name.com,,
3af8d43a-c7c7-4a6b-9282-ab30650ae98a,Ilostmywallet.video,available,49.48,,50,1,16,namecheap,,
3b0d5c0d-c8bd-4a25-9bd8-78223d37fb0a,strengths.video,available,14.99,,62,6,9,name.com,,
3b3b026f-f8ba-48b9-be05-5e105ebb3314,theories.video,available,14.99,,58,6,8,name.com,,
3b4f621f-6719-4a3c-a0d2-6888cd3f5af8,favours.video,available,14.99,,66,4,7,name.com,,
3b86bf34-b0df-4714-845c-03781884e301,reps.video,available,14.99,,73,16,4,name.com,,
3ba9504a-f6dd-4db8-b132-2797eb096c80,financeindustry.video,available,14.99,,44,1,16,name.com,,
3bc5a3ec-5456-411c-910d-ecf00e31fd0e,gettheidea.video,available,14.99,,79,0,12,name.com,,
3c2c5e23-fbef-47a1-b086-dc1799d21043,personallife.video,available,14.99,,68,3,13,name.com,,
3c5c07af-a1e2-4df5-9c31-bec6d9e041f3,preliminarily.video,available,14.99,,41,1,13,name.com,,
3c93803f-13c5-400b-8414-190aff683a2a,grouptherapy.video,available,14.99,,72,4,13,name.com,,
3cb47f9e-2a56-457f-ae21-99978f285660,onejoke.video,available,14.99,,70,1,8,name.com,,
3cc32257-5301-41d0-be45-d15e2bd9a569,blazeofglory.video,available,14.99,,72,1,14,name.com,,
3cce4eca-c896-4018-9585-118e4ef3ef26,nutrients.video,available,14.99,,58,9,9,name.com,,
3ce8863b-00d9-4864-9c1c-4f02ddc08055,decideon.video,available,14.99,,76,2,9,name.com,,
3d0c8890-05ff-4f24-b977-ade36d85d83b,pairofpliers.video,available,14.99,,62,0,14,name.com,,
3d0f60dd-44eb-4936-a2ab-dcf2da3aba32,horses.video,premium,69.3,138.6,56,14,6,namecheap,,
3d23191b-7b7f-45b3-a18b-a1135ab1c615,replied.video,available,14.99,,58,4,7,name.com,,
3d2dc7f8-c991-4587-bbb3-ac29b88fa579,midDecember.video,available,49.48,,80,1,12,namecheap,,
3d4f4756-41e4-46d5-8640-c34e874870f4,finalstraw.video,available,14.99,,66,2,11,name.com,,
3d92876b-7329-4cea-a477-4ee470bd4715,distinctivefeature.video,available,14.99,,54,0,19,name.com,,
3d9ea44f-e0a5-4ec2-9dd5-510edbf06d6e,commonyears.video,available,14.99,,54,1,12,name.com,,
3dbf1dc7-7387-4eda-b481-3ab0519bf07d,getlucky.video,available,14.99,,84,10,9,name.com,,
3dc8daee-a26d-4b6f-aa89-4f43c10f414a,disappointment.video,available,14.99,,50,4,14,name.com,,
3dd56b59-dd0b-4985-ae95-cead194a2b24,recaptured.video,available,14.99,,48,2,10,name.com,,
3e015030-09ed-4ecd-82b9-bac5b3c57213,skateover.video,available,14.99,,60,0,10,name.com,,
3e031352-e945-47cf-982e-7c350ab1a302,modernschool.video,available,14.99,,48,2,13,name.com,,
3e165792-1fab-4363-8c05-b25a31cdfdb1,executives.video,available,14.99,,64,12,10,name.com,,
3e1fa129-d559-4abb-b28b-6793fdabd9de,gothewholehog.video,available,14.99,,62,1,16,name.com,,
3e3bdc45-27be-417c-a9f8-679321b84241,pullover.video,available,14.99,,74,4,9,name.com,,
3e413436-a789-4db9-92fc-0de9e3d324b3,coffeegrounds.video,available,14.99,,72,2,14,name.com,,
3e82e835-b0ed-4092-bcc3-ac4d8c5640c1,keepitdown.video,available,14.99,,46,0,12,name.com,,
3e8d1aff-ecdd-42cd-a764-dd130f1d1bbc,costofgoodssold.video,available,14.99,,62,1,18,name.com,,
3e992f2b-8b92-4a05-b833-1dbe03666edf,rollover.video,available,14.99,,75,8,9,name.com,,
3ec4b4b7-fa94-494d-8486-86bf4d9284d1,getovertheline.video,available,14.99,,69,1,17,name.com,,
3eeb5bea-38a0-40f1-a390-6015a63fe06d,denominations.video,available,14.99,,42,2,13,name.com,,
3eebbcc1-cb21-4b07-948f-205db602fe68,leaveon.video,available,14.99,,80,1,8,name.com,,
3ef86cb4-b19d-4980-a2ff-136db7367e4f,OttomanEmpire.video,available,49.48,,64,2,14,namecheap,,
3eff0134-ac57-4b9b-ba4f-6c128934b358,Catholicism.video,available,49.48,,74,6,11,namecheap,,
3f02fea4-8468-4608-9fe8-8367104c7ebf,longago.video,available,14.99,,68,3,8,name.com,,
3f16a415-b47d-48ab-858f-06afe76b3afb,silences.video,available,14.99,,46,3,8,name.com,,
3f4471bf-09e7-47d9-99ed-994bdbb0d803,goeasy.video,available,14.99,,76,11,7,name.com,,
3f5fdca5-7cd7-483a-ba2a-f1c7323e2e82,Tabascosauce.video,available,49.48,,57,1,13,namecheap,,
3fad512d-e382-4d77-a362-20bccd904df2,makefriendly.video,available,14.99,,72,1,13,name.com,,
3fbb6bf7-5210-4bdb-88fe-7f5682053d3c,estatebottled.video,available,14.99,,56,0,14,name.com,,
3fce55b2-fcce-4472-b838-b59aaf18a43c,comeup.video,available,14.99,,74,5,7,name.com,,
3fd859fc-5c76-4661-b031-020c7826b642,flaxcotton.video,available,14.99,,56,0,11,name.com,,
3fd88b56-aa28-40c9-9d3b-c280bc8934c4,Ihavenever.video,available,49.48,,68,1,12,namecheap,,
3fe31e36-1162-45af-8d4d-8d184ddc0a73,havetheadvantage.video,available,14.99,,46,0,18,name.com,,
400231b6-fb30-4c83-bb8e-1e58944c479a,insummation.video,available,14.99,,50,1,12,name.com,,
401eff09-a76a-45a9-bc2f-4e5a78d77d6b,AmazonRiverdolphin.video,available,49.48,,72,1,20,namecheap,,
4028556f-0292-4a07-bb3e-ac63243870aa,feellike.video,available,14.99,,74,3,9,name.com,,
403559c0-2073-4247-af48-32da27ba3349,templates.video,premium,1750,3500,54,17,9,namecheap,,
4039c4a3-509a-47bb-8aba-47e017f65b29,ladies.video,premium,140,280,80,17,6,namecheap,,
40b648dc-c45b-4cfa-83d6-d448a06ae840,cops.video,premium,1750,3500,74,13,4,namecheap,,
40fa8a5d-3c6b-4f3d-b059-345cfb5ee414,SaintGeorge.video,available,49.48,,54,6,12,namecheap,,
4117a937-8203-4b18-af89-4f9e4d610574,clovers.video,available,14.99,,62,9,7,name.com,,
41241770-e606-4ac5-838b-8c6cfa51e995,JusticeSociety.video,available,49.48,,48,1,15,namecheap,,
41378a30-68a2-4cf1-8ac4-19627c28f7b2,commonrun.video,available,14.99,,68,1,10,name.com,,
41601402-7f89-4175-813d-fd193ba85f1e,abiders.video,available,14.99,,70,2,7,name.com,,
417d094a-2f63-4710-a0b2-e009653042ca,gonegative.video,available,14.99,,66,1,11,name.com,,
4180a6d1-681c-4d20-92c3-2ce48c02d488,makeupsex.video,available,14.99,,56,2,11,name.com,,
41a99f2a-5f83-4bae-b336-b702601cd2cb,makethenews.video,available,14.99,,72,2,13,name.com,,
41ab8841-b9aa-4df3-b208-6147e76e461c,givingin.video,available,14.99,,50,1,9,name.com,,
41b4dfd8-4709-4a46-b061-84ab54dfca9f,barbecuesauce.video,available,14.99,,76,2,14,name.com,,
41c1ec5e-2782-43e7-8aa6-d4a58277face,openings.video,available,14.99,,62,9,8,name.com,,
41d07620-e55f-48ea-80f7-01c26e3d458a,WiFi.video,premium,46.2,92.4,83,37,5,namecheap,,
41e4130a-4af7-4eec-8bb8-6f6f82f8f1fd,showin.video,available,14.99,,72,4,7,name.com,,
42046259-7888-4038-a05e-74f0054a37c2,scars.video,available,14.99,,42,10,5,name.com,,
421b29ce-1b93-4b16-87ab-0d1d9176e082,manyandvarious.video,available,14.99,,46,2,16,name.com,,
424721e8-c1d0-4d18-85ad-1050a85b5417,reflections.video,available,14.99,,53,16,11,name.com,,
42521c40-d044-4c71-a6bc-f9c891b789a6,switches.video,available,14.99,,58,7,8,name.com,,
4264fb56-59a9-4e9c-acd5-94bd85264c36,proxybattle.video,available,14.99,,44,1,12,name.com,,
426c0ccb-e428-4f98-b1bf-84f202104ecd,alcohols.video,available,14.99,,50,4,8,name.com,,
427cc264-c656-4cd2-8c2e-def109b15fde,pairofshoes.video,available,14.99,,67,1,13,name.com,,
42b24efb-c2df-4a62-b383-fc05f41cccdf,plated.video,available,14.99,,66,11,6,name.com,,
42db716a-722f-4afe-89ca-12353f3e70c5,recruited.video,available,14.99,,58,5,9,name.com,,
42e97f98-524e-445f-b34d-3712a79409f8,commonnouns.video,available,14.99,,54,0,12,name.com,,
430a7d93-beaa-46db-991d-bf43b6ed8618,Apples.video,available,49.48,,90,16,6,namecheap,,
435b0a6a-6dab-4c9b-94c3-131e3e00823b,wraps.video,available,14.99,,53,11,5,name.com,,
43690a42-4c81-4da4-bfb1-845fd49991ce,swishing.video,available,14.99,,74,3,8,name.com,,
4374afc1-ecbc-4a0c-b115-9f2397647874,keepclear.video,available,14.99,,58,2,10,name.com,,
437f7ed5-fc32-4f54-8dd7-cda5d17c4fb9,tunafish.video,available,14.99,,74,3,9,name.com,,
439e3f3c-fc94-4873-9b82-cb1f2221ee8c,mornings.video,available,14.99,,64,6,8,name.com,,
43c4bcfc-e42e-4157-b5c7-ea5856019fa6,thenandthere.video,available,14.99,,54,2,14,name.com,,
43d84db7-6b98-458a-821d-4f05fb14188b,makingwaves.video,available,14.99,,64,7,12,name.com,,
43f28380-6407-4ab1-a614-02a7b83ff526,merrygorounds.video,available,14.99,,54,0,15,name.com,,
440c3d53-90e3-4b29-bc58-f26b769b1c1e,referredto.video,available,14.99,,46,1,11,name.com,,
441b3405-c8a1-4a7e-b0a2-73ff47d59995,flashflooding.video,available,14.99,,52,0,14,name.com,,
44707ba4-97bf-429b-ae79-a8bbb1bbed2f,highschoolstudent.video,available,14.99,,55,0,19,name.com,,
4482ab7e-e5f2-459c-96ec-e1f382d751b0,takeaways.video,available,14.99,,56,5,9,name.com,,
44948c4e-0e48-4879-8384-2e8d652e85a7,inthewind.video,available,14.99,,52,2,11,name.com,,
44a4b9b2-3d61-43fb-8c2e-e33c5df7a062,fasttracking.video,available,14.99,,48,3,13,name.com,,
44baf655-d92b-4255-a083-d8684bf715c6,queried.video,available,14.99,,57,2,7,name.com,,
44fe2d52-319c-408f-9a16-f5126fdf5a24,nights.video,available,14.99,,74,12,6,name.com,,
457c1f73-f76f-48fd-b6dd-c5d7cd7be604,echoes.video,available,14.99,,56,24,6,name.com,,
45866f3d-2baa-4c06-a263-99e40ce2a72c,floods.video,available,14.99,,38,6,6,name.com,,
45873dbc-f5dd-4234-b030-64331e443c04,scootover.video,available,14.99,,66,2,10,name.com,,
45a56497-7006-49fb-9b04-074f4f340dfa,RiceBubbles.video,available,49.48,,60,1,12,namecheap,,
45d0162f-17f8-44b9-9cea-08ec17465330,Imissyou.video,available,49.48,,58,7,10,namecheap,,
45eab786-ed3d-4b98-ab57-38d3ce707b26,sources.video,premium,69.3,138.6,48,14,7,namecheap,,
45eba9c9-ee6d-4202-856a-22e42383fbad,foes.video,available,14.99,,46,6,4,name.com,,
463b2ad4-62cb-4f8b-b93f-c305fd879d11,smirks.video,available,14.99,,46,3,6,name.com,,
463fd9cb-c727-4d98-a3df-73a06b3ad26d,advertises.video,available,14.99,,56,3,10,name.com,,
46448482-d486-414c-b299-35d1be65cfc1,filingfees.video,available,14.99,,46,1,11,name.com,,
4650e822-22d2-46cb-bd1b-50c163392acf,havenots.video,available,14.99,,60,5,9,name.com,,
4681dc40-dfb3-4b52-9918-6d92a9f918ec,costofsales.video,available,14.99,,44,1,13,name.com,,
46a64c66-d5d5-4fd0-a061-44101764c42a,pileup.video,available,14.99,,65,3,7,name.com,,
46aae6c9-3d70-4cd2-a297-1bbf0eb691ea,takenotes.video,available,14.99,,74,5,10,name.com,,
46b473f6-dd25-4cf6-ad46-3d90f78030a7,chickensoup.video,available,14.99,,84,4,12,name.com,,
46ba6147-5e4f-4c94-84a1-21412cdeb8e1,stepping.video,available,14.99,,73,5,8,name.com,,
46e08eb5-e241-48bc-905e-90f26333f819,leaveoff.video,available,14.99,,72,1,9,name.com,,
472b2d08-0c15-4237-bc9f-2f3a68afe1a2,cupboards.video,available,14.99,,48,3,9,name.com,,
473b694f-809f-4df5-ba2e-a79d1dd70a7a,dates.video,resell,,,56,15,5,"Entorno Digital, S.A.",23/04/2020 15:47,23/04/2027 15:47
475fd4a4-150d-47dc-94e8-dd06f683fea4,backwhen.video,available,14.99,,54,3,9,name.com,,
4760edb4-3ef9-415b-92cb-9642fb6ae9a6,fellowfeel.video,available,14.99,,72,1,10,name.com,,
4771f2bd-2cdc-4f29-9844-e7d2aaa54fca,overeasy.video,available,14.99,,68,8,9,name.com,,
478c6497-4cde-4434-8838-8e8dcc483e38,inthelongrun.video,available,14.99,,60,2,15,name.com,,
4793850c-7793-47e3-afcb-9dcddf89fc36,squeakyclean.video,available,14.99,,66,6,13,name.com,,
479a3975-b119-42e0-8eef-595bf672d3c7,childcategory.video,available,14.99,,42,1,14,name.com,,
47bbe95b-137b-41d8-8867-b25954b3fb87,cheesefries.video,available,14.99,,74,1,12,name.com,,
47c10b7b-aaa8-477c-9e8d-33138b3849cd,busoperator.video,available,14.99,,50,2,12,name.com,,
47c7070a-cbf2-4796-b2e5-38d62c50dfc3,flashdrives.video,available,14.99,,62,2,12,name.com,,
47d0aaf2-756b-4884-8d58-e93d17eff363,Frenchfried.video,available,49.48,,70,2,12,namecheap,,
47dff343-4ec0-4bd3-9284-1ba835314a11,slightest.video,available,14.99,,56,1,9,name.com,,
481c00b6-c4cd-48d5-89b3-ed9675c62f5d,runon.video,available,14.99,,67,4,6,name.com,,
48518ff9-c56b-48b2-b19e-80d09e47babe,behindschedule.video,available,14.99,,38,1,15,name.com,,
4853059d-279d-4ed6-8f9f-621669838d45,appreciates.video,available,14.99,,62,3,11,name.com,,
4876d8d2-95a0-4eeb-81fc-b4b2c6716a3b,havethebestofit.video,available,14.99,,68,1,19,name.com,,
4881bc59-41f6-4257-9ca6-5db2d8e2446b,precautions.video,available,14.99,,48,2,11,name.com,,
48856586-7c6e-4908-94b7-6f9c14e1babc,requires.video,available,14.99,,58,4,8,name.com,,
489d245c-4bb3-4c91-8579-3433a16c98b0,resources.video,premium,42,84,58,21,9,namecheap,,
48a2ac4b-62fc-43b2-90fb-0e79e9efdec3,neckandneck.video,available,14.99,,46,1,13,name.com,,
48a9c122-9b38-4c69-bb6d-b7f72c30dcda,successively.video,available,14.99,,56,0,12,name.com,,
48aa3655-189a-4f3c-84d3-8b76fd938cbe,hookupwith.video,available,14.99,,56,1,12,name.com,,
48afa801-e8d5-4b5f-ae35-584267ce0d20,trackdown.video,available,14.99,,70,4,10,name.com,,
48cd86c3-b296-44c9-9e28-63ad13942acb,cometolight.video,available,14.99,,68,1,13,name.com,,
48d80e90-8c2a-4d46-948c-d7bd780e858d,stepforward.video,available,14.99,,74,10,12,name.com,,
48f5b6cd-9528-48e4-aecd-bdf51b798dd4,comedies.video,premium,140,280,56,3,8,namecheap,,
4940c316-9540-4420-b201-889ce6bc3c5b,chiefsofstate.video,available,14.99,,42,1,15,name.com,,
4947fe23-8b3c-4f67-b111-3e8000fd807a,ofinterest.video,available,14.99,,50,3,11,name.com,,
495c73e6-acf8-4369-888d-75b8a5c44356,doesnotcompute.video,available,14.99,,40,3,16,name.com,,
4974fd66-cbdb-4c55-b17e-4f298e4cb0dc,poreover.video,available,14.99,,62,1,9,name.com,,
498ed340-c5e5-4b57-a1f3-7c3052b1c318,golong.video,available,14.99,,74,6,7,name.com,,
49bb0886-fc2b-4248-8e58-b885458afe81,CountyofQueens.video,available,49.48,,44,1,16,namecheap,,
49ca780a-90bb-4522-9c18-966f2f6e0a19,slots.video,premium,420,840,49,31,5,namecheap,,
49d3dbe0-0dcd-4465-a344-b9d9403dc633,seniorcollege.video,available,14.99,,67,1,14,name.com,,
49d6cbfa-5eef-40c5-9155-a63ab99e51f9,Alexis.video,available,14.99,,72,21,6,name.com,,
49e57d63-0f95-4462-bbea-5be89e281a1a,backtoback.video,available,14.99,,72,5,12,name.com,,
49eb7995-8c29-469b-a1b4-ca45d70742be,overdressed.video,available,14.99,,64,3,12,name.com,,
49ec43e3-51e0-4d26-a40d-f9ea93f649b0,pairofshades.video,available,14.99,,65,0,14,name.com,,
49ed1ca3-d011-4044-950f-968c981e4f12,gobackto.video,available,14.99,,76,2,10,name.com,,
49f257bb-c2a8-4118-a726-fbd100c54dbd,fellowed.video,available,14.99,,52,1,8,name.com,,
4a0edc5a-d145-4351-a8b3-a3723d6e8f4c,upandaround.video,available,14.99,,60,1,13,name.com,,
4a0fa9d3-3ba3-4ee9-9844-1de738363e69,letoffthehook.video,available,14.99,,53,0,16,name.com,,
4a295586-51c2-433b-9bf4-ec781b77981c,postponement.video,available,14.99,,57,1,12,name.com,,
4a6ec5a1-e3ff-4b22-af0f-8f0bcf4f311b,segregation.video,available,14.99,,62,2,11,name.com,,
4a74c8b8-6de3-462a-a067-a4ebc7473186,fellowing.video,available,14.99,,52,5,9,name.com,,
4a790383-83d7-473f-af00-a873382d139b,patches.video,available,14.99,,53,16,7,name.com,,
4a83c384-2f2a-4d0b-976a-d77a3809c0af,playarole.video,available,14.99,,68,1,11,name.com,,
4aa258d7-4b80-46d1-b837-130db05063cc,cements.video,available,14.99,,56,3,7,name.com,,
4ab05d25-c21f-4aba-9776-2e4b44fb67cb,decidedness.video,available,14.99,,74,1,11,name.com,,
4ab692e0-dede-431b-b8c1-b429cebbef9b,welds.video,available,14.99,,59,4,5,name.com,,
4af423de-e7db-4513-bd57-2646c0d0259a,goingbad.video,available,14.99,,46,1,9,name.com,,
4b04e586-1689-47c5-8f28-3f813c8221ee,missionimpossible.video,available,14.99,,68,5,18,name.com,,
4b1e4dd0-7caa-4e3a-abef-f179bb4f53f2,wisdoms.video,available,14.99,,58,8,7,name.com,,
4b255496-4347-4f2d-b12c-3736894f1ffd,practicality.video,available,14.99,,72,3,12,name.com,,
4b28339d-748f-46be-b611-b509b5935640,brosbeforehos.video,available,14.99,,38,1,15,name.com,,
4b82c26a-b11b-425b-831e-486b091d0e4b,divinegrace.video,available,14.99,,68,3,12,name.com,,
4b88db0b-21c0-4a55-a47f-a9d9234b024a,ported.video,available,14.99,,68,3,6,name.com,,
4b8e4ad8-f21d-4a7c-92c3-c5ff6240a403,amplifying.video,available,14.99,,56,3,10,name.com,,
4b9145a6-6ea8-4ef4-acb5-7a47d1ccfcd3,webcontent.video,available,14.99,,78,5,11,name.com,,
4ba4d918-193c-40c3-883f-625ce12e7de0,toneup.video,available,14.99,,80,5,7,name.com,,
4bae250a-fbb4-4668-814a-c0b820c19198,manyonereducible.video,available,14.99,,46,1,18,name.com,,
4bcaa54c-5afd-482d-9937-ec6ac2e26609,desires.video,available,14.99,,72,9,7,name.com,,
4bcba2eb-9e25-413f-b74a-793db6bc7b9e,languages.video,premium,140,280,62,12,9,namecheap,,
4bdd82e8-606a-4a4b-84ec-a8ec71382a1f,getwet.video,available,14.99,,74,5,7,name.com,,
4bf9e522-e167-496e-a077-7a48f87cf794,sidewindow.video,available,14.99,,44,1,11,name.com,,
4c197368-3dd9-422a-a7ff-63ef47823da2,pondered.video,available,14.99,,54,3,8,name.com,,
4c1da253-4e03-4a2a-9470-36029ab54fd9,outlets.video,available,14.99,,56,10,7,name.com,,
4c31f4ad-8673-4ccc-bb57-796278caddcb,dogwalking.video,available,14.99,,94,8,10,name.com,,
4c3e659c-a777-4f93-8ad7-de401b011816,potatochips.video,available,14.99,,54,5,12,name.com,,
4c50ca89-2093-4429-b323-66db3d5700f5,bills.video,available,14.99,,54,19,5,name.com,,
4c5ce93e-e92c-47ff-9c0b-9dcf4807928b,grandpas.video,available,14.99,,68,4,8,name.com,,
4c730f20-f577-420e-a82d-9ecc19a0b3ed,necks.video,available,14.99,,52,3,5,name.com,,
4c7470e1-2395-40ee-bb98-60292ba8cbfd,units.video,available,14.99,,56,16,5,name.com,,
4c9884c9-92f1-456e-abf9-7f159bd58840,weddings.video,premium,69.3,138.6,64,18,8,namecheap,,
4ca58418-3b41-4a0c-9e27-6f7c6cb9370b,users.video,premium,140,280,54,18,5,namecheap,,
4cb3690d-f018-4813-aa07-8f65799a98db,subsets.video,available,14.99,,54,3,7,name.com,,
4cc36073-9604-46ec-836e-22a13b8ce7b2,couldhavesworn.video,available,14.99,,44,0,16,name.com,,
4ccb4717-7db3-4daa-b8c6-eed32b392803,companies.video,premium,69.3,138.6,62,16,9,namecheap,,
4cefbf14-48c2-42ec-ac7c-0cf74b38170d,dropaline.video,available,14.99,,64,2,11,name.com,,
4cf09a0a-6e63-4df4-89d2-c05b6bd9cdd2,movedown.video,available,14.99,,70,1,9,name.com,,
4cfb2764-e7ec-429a-a2a4-a4780970de64,expires.video,available,14.99,,50,4,7,name.com,,
4d0d88b0-1801-4525-905b-f0a949711470,wouldof.video,available,14.99,,55,1,8,name.com,,
4d2509f4-f083-4d42-b1f4-0b0ed04ed0b4,fitinto.video,available,14.99,,84,2,8,name.com,,
4d2f716d-5ebe-4980-a844-46c66a880c73,textmessages.video,available,14.99,,52,3,13,name.com,,
4d300edf-4245-48ca-987c-33b6769ded84,sacks.video,available,14.99,,59,8,5,name.com,,
4d4468d8-d116-42bd-9322-ccd0257cacc7,IsleofPurbeck.video,available,49.48,,52,2,15,namecheap,,
4d620b32-b8ae-49bc-aa55-57e0e3a1f3dc,clearoff.video,available,14.99,,72,1,9,name.com,,
4d8263b2-08be-4024-9af4-99fb36b5f86f,comeinfor.video,available,14.99,,76,0,11,name.com,,
4d89d964-09ae-4101-8250-e89882bc3210,JollyRoger.video,available,49.48,,82,10,11,namecheap,,
4df6d5d5-562a-400d-8609-bc3ac7f1458f,twits.video,available,14.99,,46,3,5,name.com,,
4e147c00-d2f4-42d2-9c23-5369b6ada341,mealsonwheels.video,available,14.99,,80,5,15,name.com,,
4e62c7e8-a169-477c-8aba-88c522aa227a,abilities.video,available,14.99,,74,4,9,name.com,,
4e716b0d-f49b-484a-bf73-e3435edb323a,motorrace.video,available,14.99,,56,2,10,name.com,,
4eb442ab-273a-4d7b-969a-4b44ca2da506,landedproperty.video,available,14.99,,42,1,15,name.com,,
4ebe7c92-06b4-4686-b2ab-e7df363d9c59,gettogether.video,available,14.99,,82,8,12,name.com,,
4ed651d0-587f-433c-a8af-d7fc1796d882,events.video,premium,140,280,68,37,6,namecheap,,
4ee401c5-e0e7-4487-8789-9a8e00f58780,hangon.video,available,14.99,,82,6,7,name.com,,
4ee46d6f-0f2d-49aa-a8f5-543c835ee63b,getoutsideof.video,available,14.99,,66,1,14,name.com,,
4f2bb3d0-d69d-49ed-bc72-33411fce5f06,gotto.video,available,14.99,,54,6,6,name.com,,
4f439baa-95ac-4409-9505-00c8b2446bff,deadonarrival.video,available,14.99,,46,2,15,name.com,,
4f4c0908-8f7b-4cc3-befc-ad8d89da592d,taxfree.video,available,14.99,,68,11,8,name.com,,
4f528820-a6d7-41fa-ae25-c242a8c96dee,goinon.video,available,14.99,,74,2,8,name.com,,
4f7041d6-400c-4e1c-a4d1-bda000ae4b00,majorityproblem.video,available,14.99,,50,0,16,name.com,,
4f87b7e6-6745-4ae3-9e57-388cb0dd6544,lordmayor.video,available,14.99,,76,1,10,name.com,,
4f9ad070-1219-4bff-bb81-7052bdd979d1,temporarily.video,available,14.99,,62,4,11,name.com,,
4fb16011-0281-424c-8bcd-39b6f0a01093,yielded.video,available,14.99,,56,3,7,name.com,,
4fe148c5-4f1b-4ca5-9a06-c726d4fdd789,specialed.video,available,14.99,,76,6,10,name.com,,
501aca92-b051-4e36-ba4e-47f850dda927,roses.video,available,14.99,,68,16,5,name.com,,
5046f368-fea1-4691-a08b-bda0707600bb,scoops.video,available,14.99,,54,9,6,name.com,,
5057c37d-2f79-4d8b-8e3e-e3fcfecc2116,keephopealive.video,available,14.99,,50,2,15,name.com,,
50583175-000b-42ea-8a87-7b6827f8998a,openfaced.video,available,14.99,,64,1,10,name.com,,
50d85b78-4d1f-4ca7-91f6-f90967777262,dads.video,premium,140,280,60,17,4,namecheap,,
51034fdf-be38-4f30-83a9-05971871b5dc,Godknew.video,available,14.99,,60,1,8,name.com,,
51226e53-202b-4383-993e-38ce4c1d3cde,godown.video,available,14.99,,74,5,7,name.com,,
5123fa1e-b1d0-4bd1-8514-4d311ba82817,throws.video,available,14.99,,52,5,6,name.com,,
512caf36-891f-43be-acb0-ed90c44b222f,congregational.video,available,14.99,,56,2,14,name.com,,
51375da4-8f89-4f78-bb20-e266bf544252,restaurants.video,premium,69.3,138.6,57,21,11,namecheap,,
51594832-da1b-4c94-adbf-edf9a37b4200,backtobasics.video,available,14.99,,70,10,14,name.com,,
516a3138-df9d-47cb-bab4-87e9d595f1a9,dont.video,available,14.99,,42,18,4,name.com,,
518294b8-02eb-4d93-b6d8-220eda9827bb,coffeesyrup.video,available,14.99,,80,2,12,name.com,,
5186d092-dd69-40fa-b11e-c551933502d5,keepbooks.video,available,14.99,,52,2,10,name.com,,
51c0ebd1-6fc8-4599-a7d7-7c70c7782197,distinctions.video,available,14.99,,62,3,12,name.com,,
51d50e25-3cc4-40dc-809f-58796584a5e7,gonumbertwo.video,available,14.99,,40,1,13,name.com,,
51dd67e2-da79-4f6a-85b3-c1e3e6104ebb,passports.video,available,14.99,,59,10,9,name.com,,
522e5d7d-a4de-45e9-9443-149b2c82514d,arrived.video,available,14.99,,50,12,7,name.com,,
52318fb2-04df-4a0c-8b45-ff4401fbfe08,justifies.video,available,14.99,,52,1,9,name.com,,
5272cb65-a763-4ef9-82ff-761db8885891,feelupto.video,available,14.99,,50,1,10,name.com,,
527f814d-53e4-4e30-88e9-680eebac291b,asperusual.video,available,14.99,,48,1,12,name.com,,
52882af4-37cc-4d70-a752-4327d1ea8cc1,gusts.video,available,14.99,,48,3,5,name.com,,
52a45535-a1c4-4914-9527-0f108dc2f33c,gothroughwith.video,available,14.99,,58,1,15,name.com,,
52af8e09-3855-4637-8a22-80291ab4206b,makeoneselfathome.video,available,14.99,,72,1,20,name.com,,
52bcece3-8082-4341-9c58-d175cccba54a,deepfried.video,available,14.99,,74,6,10,name.com,,
52c292aa-907b-407d-a08e-c2b1831bd2bc,urged.video,available,14.99,,60,3,5,name.com,,
52e02b08-91b1-4f4d-838e-60b98b754a32,continues.video,available,14.99,,48,3,9,name.com,,
52e79fda-9ebf-4bfb-94f6-4b2218f1209e,counselling.video,premium,69.3,138.6,82,13,11,namecheap,,
52fca9c0-f77e-4338-a5cb-29687f57fdd6,prettywell.video,available,14.99,,60,2,11,name.com,,
5311d5ae-d682-4e18-bef8-461d1df4b651,keypresses.video,available,14.99,,54,0,11,name.com,,
5313e552-150f-437e-804a-50914fec4275,goonthen.video,available,14.99,,48,1,10,name.com,,
5335f8dd-1650-494a-9ef2-afe7e7359936,sellthrough.video,available,14.99,,64,2,12,name.com,,
53409088-8ff5-46f8-9132-05c8509d6e0f,haveyoumetme.video,available,14.99,,44,1,15,name.com,,
5346f44c-2391-46c9-91d3-60b2538a946b,sidewalks.video,available,14.99,,56,5,9,name.com,,
535db1dd-3ecb-4814-bd29-01f9754b2449,onthemove.video,available,14.99,,72,10,11,name.com,,
53659217-fcda-47f4-a5cd-6880056a0284,showingup.video,available,14.99,,59,4,10,name.com,,
5369b8d9-ff76-40b2-8513-85037996da6f,appraised.video,available,14.99,,50,4,9,name.com,,
5369d091-ab11-43b8-80e4-82d7f20ff193,seperation.video,available,14.99,,48,2,10,name.com,,
53770922-9032-4ef7-aea3-ae606d8252b9,televised.video,available,14.99,,72,3,9,name.com,,
53775d84-d19c-43be-9a1c-3c3768b77a74,thundered.video,available,14.99,,49,2,9,name.com,,
53b4e3c4-8952-4935-88ab-7770df5e174a,prayers.video,available,14.99,,62,11,7,name.com,,
53bfc2c6-dadf-4ddc-910b-43af0aa4bfa5,barwood.video,available,14.99,,52,3,8,name.com,,
53d36e81-4623-49d7-a080-46c6d1b09f1d,gotowards.video,available,14.99,,68,1,10,name.com,,
53d7620c-5044-45d5-8ad3-baaeec1efc15,proceeded.video,available,14.99,,60,2,9,name.com,,
53d7ef41-398a-44e2-af70-b1872f0f5cee,rights.video,available,14.99,,50,19,6,name.com,,
54056285-68f8-46d3-add6-44b6af0b8ea3,droppedoff.video,available,14.99,,52,1,11,name.com,,
542f4182-410a-43ba-9456-9be9155f5468,pickups.video,available,14.99,,50,5,7,name.com,,
543eed7c-efb1-4ef5-bd08-473eff437b4a,goviral.video,premium,69.3,138.6,76,17,8,namecheap,,
54461048-a644-4b3a-850c-598b5e4c41ca,Americans.video,available,49.48,,56,10,9,namecheap,,
546625d1-5ff1-4f1d-a9d0-c4bab65dc43e,inhospital.video,available,14.99,,60,1,11,name.com,,
547555a5-3b7b-45f3-855d-ea942a635eae,budgets.video,available,14.99,,60,7,7,name.com,,
547b298d-1853-4be7-8c87-d47780d88411,filed.video,available,14.99,,48,7,5,name.com,,
549b185a-fc4b-43c1-8b61-8eed9e32bb79,gohome.video,available,14.99,,76,14,7,name.com,,
54c221a5-f731-423d-b119-c01a39a4fd68,havethefloor.video,available,14.99,,64,1,14,name.com,,
54c4cebf-87bc-4968-871b-387fe4f6a6b0,likeitorleaveit.video,available,14.99,,44,2,19,name.com,,
54e0b11c-585b-460b-8898-a5f179a6de49,Wikipedias.video,available,49.48,,53,2,10,namecheap,,
54e70526-f5bc-480d-a898-4ef06f07770e,failures.video,available,14.99,,46,5,8,name.com,,
54eda92a-014a-425a-85bd-43bf1db4c82d,securing.video,available,14.99,,62,8,8,name.com,,
5539e039-7aa9-4234-8987-b8b46fc0c063,manypartedness.video,available,14.99,,64,1,15,name.com,,
553cad1e-a6a4-4535-ab9e-d5f7269f5b3a,ebooks.video,premium,69.3,138.6,62,19,6,namecheap,,
554e418a-a2e6-4b7a-b262-f0315e545d8e,startover.video,available,14.99,,78,6,10,name.com,,
555713c4-a9c6-4349-afce-1906e5cc7297,cycles.video,available,14.99,,52,13,6,name.com,,
555ab1d7-7ad9-4448-8596-9a7f94b502d8,affirmatives.video,available,14.99,,64,1,12,name.com,,
5587aedc-9a26-4313-8893-e911184fbf69,accountspayable.video,available,14.99,,62,4,16,name.com,,
559746a5-aaa0-41bc-b32e-d723d0273ac3,seconded.video,available,14.99,,53,2,8,name.com,,
55a1b947-47a0-420c-9aa7-1aeb5a048035,mosquitoes.video,available,14.99,,42,4,10,name.com,,
56328c99-6e74-466a-97dd-800528e6464e,nuclei.video,available,14.99,,44,7,6,name.com,,
56371819-aab5-4a51-b292-f2dda659d22e,prejudices.video,available,14.99,,38,1,10,name.com,,
5648ab6a-34c6-4921-94bb-e2dcdd29e570,wives.video,available,14.99,,62,6,5,name.com,,
56525dc3-2f48-4695-afb6-a5ca8e058b06,geton.video,available,14.99,,82,10,6,name.com,,
56768975-5d4e-4ba3-9c37-9b2d4966e42d,alcoholproblem.video,available,14.99,,30,1,15,name.com,,
568985eb-2869-4829-aa48-82248aaba36f,feeltheburn.video,available,14.99,,76,2,13,name.com,,
569d9487-b321-48c3-939c-06f664b39188,highrelief.video,available,14.99,,71,0,11,name.com,,
56dd5874-e856-4cb2-ab53-14c721bc8e19,soothes.video,available,14.99,,61,2,7,name.com,,
56ddbcda-c12b-49a3-acdb-8eed75e74095,tightened.video,available,14.99,,50,1,9,name.com,,
56deb48f-c87d-48c4-bba2-4ee07fb26eb9,bangles.video,available,14.99,,56,4,7,name.com,,
56e62c19-7d9b-4770-9e61-1c3c157ac1f8,contacts.video,available,14.99,,54,20,8,name.com,,
57064ec6-8d5d-4cfc-ba9a-7be4281774f7,terracotta.video,available,14.99,,72,12,11,name.com,,
570912b3-c1be-4a07-b55e-c7bd02f9502c,herbsandspices.video,available,14.99,,54,3,16,name.com,,
57204f4b-3c61-4ad4-b418-ec600116d142,appraisals.video,available,14.99,,56,10,10,name.com,,
5729914a-2eec-4057-8179-24ac04253202,carbonmonoxide.video,available,14.99,,54,4,15,name.com,,
573e827b-51b2-4142-850f-381cd0592480,undergoes.video,available,14.99,,55,1,9,name.com,,
575166db-a356-4d85-a3bb-2d97c9177efd,highpolitics.video,available,14.99,,62,0,13,name.com,,
57a5c57c-c8f7-45d1-88fc-7d346dea83d1,keepitmoving.video,available,14.99,,68,5,14,name.com,,
57b17f79-57cc-4638-afa2-f9a55e72bf1c,makestrides.video,available,14.99,,78,1,12,name.com,,
57b3c68d-0da1-44d1-9a0c-7438b279cf44,twentyseven.video,available,14.99,,65,7,12,name.com,,
57c0f5d5-00f3-44a1-ac7d-81e7aca6d5a1,fillintheblanks.video,available,14.99,,64,2,18,name.com,,
57e12b2f-45bf-442d-b3ed-16f3545c925b,motorvehicles.video,available,14.99,,42,1,14,name.com,,
581fa229-3e07-4769-852d-c0da370413b3,introspections.video,available,14.99,,48,2,14,name.com,,
586ca694-1875-4f25-8243-1f41e0b81b42,keepstraight.video,available,14.99,,62,1,13,name.com,,
587856aa-6fd9-456b-9827-29303d7133e7,commonterm.video,available,14.99,,68,1,11,name.com,,
5886462d-a3e2-458d-b543-ef8f077d7d6b,IsleofWightCounty.video,available,49.48,,52,2,20,namecheap,,
58a3d2f8-ec81-46b5-854f-832d7414af27,royalties.video,available,14.99,,56,9,9,name.com,,
58d6f718-c305-4a5b-ba29-43c8e99da9c4,straws.video,available,14.99,,54,6,6,name.com,,
58df663c-36ac-4758-9978-43043e7d7eb7,expectedreturn.video,available,14.99,,48,2,15,name.com,,
5919ccc7-34c1-4a94-bcc9-da52381c60e3,likecrazy.video,available,14.99,,72,1,10,name.com,,
59722a57-46c7-4873-905c-2fba88732683,inthewayof.video,available,14.99,,44,0,13,name.com,,
59868451-3905-4518-a82c-2a890083f2ed,secondarycare.video,available,14.99,,69,1,14,name.com,,
59999e3a-2262-4ac4-81f7-aebb301238a9,cometogrips.video,available,14.99,,62,1,13,name.com,,
59a1ac81-eca1-48c4-9322-988991504419,waitup.video,available,14.99,,63,2,7,name.com,,
59a6c9dc-8115-4f1d-9719-6a34dc0e9a9f,lunchboxes.video,available,14.99,,60,4,10,name.com,,
59a91df8-25ab-4048-ac78-0377c4800980,rubberbands.video,available,14.99,,50,3,12,name.com,,
59c0d1fe-205d-4c69-91df-d96e88eb670a,propagates.video,available,14.99,,49,1,10,name.com,,
59c69834-ec36-42b1-a4de-d1d9e2746fe5,getwith.video,available,14.99,,74,4,8,name.com,,
59dd9c99-fb91-4699-af63-3b642789ece0,makesaneffort.video,available,14.99,,52,1,15,name.com,,
59f9ac92-8313-4829-9a7d-99fa4478d274,sees.video,available,14.99,,52,10,4,name.com,,
59faafcf-7d32-4aab-b2b3-2dcd97b5b761,publicoffice.video,available,14.99,,69,2,13,name.com,,
5a1f83b4-3821-4b06-9c1d-9df9a1a9a77c,getsomeair.video,available,14.99,,77,1,12,name.com,,
5a351721-9e1b-42c3-8cb0-70f9daeda131,isles.video,available,14.99,,52,7,5,name.com,,
5a3b5197-5305-4582-9866-82b44dc6de06,gonefishing.video,available,14.99,,72,7,12,name.com,,
5a3e7b63-f8f0-4a7c-aacf-9a4c8d3e8526,porkroast.video,available,14.99,,59,0,10,name.com,,
5a3e8578-403d-4cbf-b794-dc0c6b9cac78,bottles.video,available,14.99,,62,12,7,name.com,,
5a5859b4-ab2f-4e79-a049-a4e31ec908f6,makehappen.video,available,14.99,,80,3,11,name.com,,
5a598400-35b4-429e-8443-52bd2958dd83,outofoffice.video,available,14.99,,61,19,13,name.com,,
5a6834a9-1632-475e-bf53-2628a10f9341,smarts.video,available,14.99,,67,16,6,name.com,,
5a6ac39a-2608-4922-a147-1237f05d4a9d,makefriends.video,available,14.99,,88,6,12,name.com,,
5a89c41b-1e91-4c52-bc4b-62386aa6e138,getthehint.video,available,14.99,,74,1,12,name.com,,
5a9be375-021f-49a5-9753-8da15075153d,tycoons.video,available,14.99,,55,6,7,name.com,,
5aa8a3c9-ea45-4615-899e-8200e485bbbd,messages.video,premium,69.3,138.6,80,16,8,namecheap,,
5ac05307-3e06-4e5a-a497-40594c282e37,midafternoon.video,available,14.99,,80,1,12,name.com,,
5adfacd1-4c9b-42ad-8b85-2b9e690cc080,vacations.video,premium,140,280,56,19,9,namecheap,,
5b1e92df-d2d6-4b21-8a43-2d0bc89c819d,prices.video,available,14.99,,51,15,6,name.com,,
5b231b60-b5a7-4161-9de1-977fc6d94d97,goinfor.video,available,14.99,,74,1,9,name.com,,
5b46fc28-6f83-47f1-8e54-ee239b2e2776,letoneoff.video,available,14.99,,77,1,11,name.com,,
5b854846-5428-45c8-884b-b9d0d0cf8c6f,types.video,available,14.99,,54,14,5,name.com,,
5bc66d75-9de5-4e24-935d-77d35d3a265e,haveover.video,available,14.99,,74,1,9,name.com,,
5bcb9b28-57e8-4e2c-a471-8e5f18c32f44,poured.video,available,14.99,,56,4,6,name.com,,
5bd42a75-ab48-47a5-9fd3-98facda7e709,goingover.video,available,14.99,,72,1,10,name.com,,
5bdc41e5-26a1-43d4-9777-02b32802637b,toexcess.video,available,14.99,,55,0,9,name.com,,
5be3563c-02ce-4d34-8b10-32d755405be1,newer.video,available,14.99,,60,8,5,name.com,,
5bedb262-1ecc-43c1-a229-0130632516d0,porkbacon.video,available,14.99,,58,1,10,name.com,,
5bfb79d7-61d0-4d07-86af-dc355f63dc82,landedestate.video,available,14.99,,42,1,13,name.com,,
5c1454ba-b6e6-431b-baea-fc77bf493f76,moustaches.video,available,14.99,,53,3,10,name.com,,
5c18ef9c-9423-4511-8e82-a1e838fc0082,oars.video,available,14.99,,56,6,4,name.com,,
5c25d9e1-b849-4d01-a2f5-312cecb401f6,visitors.video,available,14.99,,62,10,8,name.com,,
5c2b0eff-3e95-4bea-b935-551e06a6255e,socialstatus.video,available,14.99,,64,6,13,name.com,,
5c2c4947-7d14-4874-a2a6-946198bd6e02,stepout.video,available,14.99,,73,9,8,name.com,,
5c5b28fa-f4ff-4237-a7aa-8f11d21c9512,makethedifference.video,available,14.99,,72,3,19,name.com,,
5cc32621-d721-4193-a196-a2bcb132b4b7,nothanksto.video,available,14.99,,58,0,12,name.com,,
5d16cb6a-007c-406f-be2f-d51ace02c658,sirens.video,available,14.99,,48,11,6,name.com,,
5d1776c2-7e2f-45af-a475-485775235193,getoutside.video,available,14.99,,79,6,11,name.com,,
5d1ecc4e-f52f-4632-842d-bc8ea3a7cb7d,menus.video,available,14.99,,54,14,5,name.com,,
5d3c0060-44db-4762-a042-37520e55db12,estatesforlife.video,available,14.99,,42,1,16,name.com,,
5d50939c-9be9-4759-8336-adf6e8db0850,fastacting.video,available,14.99,,72,1,11,name.com,,
5d694df9-98e6-4c84-ab9c-552dfae9951b,oranything.video,available,14.99,,44,1,11,name.com,,
5daf19a9-8dd8-4019-90c0-aadc7c9f72f9,CountyofMitchell.video,available,14.99,,42,0,18,name.com,,
5dbe225d-b517-4022-ac25-3b067861c549,landscaping.video,premium,140,280,80,16,11,namecheap,,
5de65a12-507e-4cbe-a934-65ec811d3d32,cometopass.video,available,14.99,,74,1,12,name.com,,